Workbook

Sheet Goals (stn) Part 2
A1: Stones
B2: =year(A5) -> 2025 | C2: June | D2: July | E2: August | F2: September | G2: October | H2: November | I2: December | J2: Weight Loss | K2: Number Months | L2: Weight Loss Per Month | M2: Weight Loss Per Week | N2: Weight loss Per Week (lbs)
B3: ='Goals (lbs) Part 2'!B3/14 -> 17 | C3: ='Goals (lbs) Part 2'!C3/14 -> 17 | D3: ='Goals (lbs) Part 2'!D3/14 -> 17 | E3: ='Goals (lbs) Part 2'!E3/14 -> 17 | F3: ='Goals (lbs) Part 2'!F3/14 -> 16.5 | G3: ='Goals (lbs) Part 2'!G3/14 -> 15 | H3: ='Goals (lbs) Part 2'!H3/14 -> 14.5 | I3: ='Goals (lbs) Part 2'!I3/14 -> 14 | J3: =B3-H3 -> 2.5 | K3: 4 | L3: =J3/K3 -> 0.625 | M3: =L3/4 -> 0.15625 | N3: =M3*14 -> 2.1875
A5: 45810 | B5: =ISOWEEKNUM(A5) -10 -> 13 | C5: ='Goals (lbs) Part 2'!C5/14 -> 16.875
A6: =A5+7 -> 45817 | B6: =ISOWEEKNUM(A6) -10 -> 14 | C6: ='Goals (lbs) Part 2'!C6/14 -> 16.75
A7: =A6+7 -> 45824 | B7: =ISOWEEKNUM(A7) -10 -> 15 | C7: ='Goals (lbs) Part 2'!C7/14 -> 16.625
A8: =A7+7 -> 45831 | B8: =ISOWEEKNUM(A8) -10 -> 16 | C8: ='Goals (lbs) Part 2'!C8/14 -> 16.5
A10: =A8+7 -> 45838 | B10: =ISOWEEKNUM(A10) -10 -> 17 | D10: ='Goals (lbs) Part 2'!D10/14 -> 16.375
A11: =A10+7 -> 45845 | B11: =ISOWEEKNUM(A11) -10 -> 18 | D11: ='Goals (lbs) Part 2'!D11/14 -> 16.25
A12: =A11+7 -> 45852 | B12: =ISOWEEKNUM(A12) -10 -> 19 | D12: ='Goals (lbs) Part 2'!D12/14 -> 16.125
A13: =A12+7 -> 45859 | B13: =ISOWEEKNUM(A13) -10 -> 20 | D13: ='Goals (lbs) Part 2'!D13/14 -> 16
A14: =A13+7 -> 45866 | B14: =ISOWEEKNUM(A14) -10 -> 21 | D14: ='Goals (lbs) Part 2'!D14/14 -> 15.875
A16: =A14+7 -> 45873 | B16: =ISOWEEKNUM(A16) -10 -> 22 | E16: ='Goals (lbs) Part 2'!E16/14 -> 15.75
A17: =A16+7 -> 45880 | B17: =ISOWEEKNUM(A17) -10 -> 23 | E17: ='Goals (lbs) Part 2'!E17/14 -> 15.625
A18: =A17+7 -> 45887 | B18: =ISOWEEKNUM(A18) -10 -> 24 | E18: ='Goals (lbs) Part 2'!E18/14 -> 15.5
A19: =A18+7 -> 45894 | B19: =ISOWEEKNUM(A19) -10 -> 25 | E19: ='Goals (lbs) Part 2'!E19/14 -> 17
A21: =A19+7 -> 45901 | B21: =ISOWEEKNUM(A21) -10 -> 26 | F21: ='Goals (lbs) Part 2'!F21/14 -> 16.875
A22: =A21+7 -> 45908 | B22: =ISOWEEKNUM(A22) -10 -> 27 | F22: ='Goals (lbs) Part 2'!F22/14 -> 16.75
A23: =A22+7 -> 45915 | B23: =ISOWEEKNUM(A23) -10 -> 28 | F23: ='Goals (lbs) Part 2'!F23/14 -> 16.625
A24: =A23+7 -> 45922 | B24: =ISOWEEKNUM(A24) -10 -> 29 | F24: ='Goals (lbs) Part 2'!F24/14 -> 16.5
A25: =A24+7 -> 45929 | B25: =ISOWEEKNUM(A25) -10 -> 30 | F25: ='Goals (lbs) Part 2'!F25/14 -> 16.375
A27: =A25+7 -> 45936 | B27: =ISOWEEKNUM(A27) -10 -> 31 | G27: ='Goals (lbs) Part 2'!G27/14 -> 15.857143
A28: =A27+7 -> 45943 | B28: =ISOWEEKNUM(A28) -10 -> 32 | G28: ='Goals (lbs) Part 2'!G28/14 -> 15.732143
A29: =A28+7 -> 45950 | B29: =ISOWEEKNUM(A29) -10 -> 33 | G29: ='Goals (lbs) Part 2'!G29/14 -> 15.607143
A30: =A29+7 -> 45957 | B30: =ISOWEEKNUM(A30) -10 -> 34 | G30: ='Goals (lbs) Part 2'!G30/14 -> 15
A32: =A30+7 -> 45964 | B32: =ISOWEEKNUM(A32) -10 -> 35 | H32: ='Goals (lbs) Part 2'!H32/14 -> 14.875
A33: =A32+7 -> 45971 | B33: =ISOWEEKNUM(A33) -10 -> 36 | H33: ='Goals (lbs) Part 2'!H33/14 -> 14.75
A34: =A33+7 -> 45978 | B34: =ISOWEEKNUM(A34) -10 -> 37 | H34: ='Goals (lbs) Part 2'!H34/14 -> 14.625
A35: =A34+7 -> 45985 | B35: =ISOWEEKNUM(A35) -10 -> 38 | H35: ='Goals (lbs) Part 2'!H35/14 -> 14.5
A37: =A35+7 -> 45992 | B37: =ISOWEEKNUM(A37) -10 -> 39 | I37: ='Goals (lbs) Part 2'!I37/14 -> 15
A38: =A37+7 -> 45999 | B38: =ISOWEEKNUM(A38) -10 -> 40 | I38: ='Goals (lbs) Part 2'!I38/14 -> 15
A39: =A38+7 -> 46006 | B39: =ISOWEEKNUM(A39) -10 -> 41 | I39: ='Goals (lbs) Part 2'!I39/14 -> 15
A40: =A39+7 -> 46013 | B40: =ISOWEEKNUM(A40) -10 -> 42 | I40: ='Goals (lbs) Part 2'!I40/14 -> 15
A41: =A40+7 -> 46020 | B41: =B40+1 -> 43 | I41: ='Goals (lbs) Part 2'!I41/14 -> 15

Sheet Goals (lbs) Part 2
A1: pounds | B1: Forecast
B2: 2022 | C2: June | D2: July | E2: August | F2: September | G2: October | H2: November | I2: December | J2: Weight Loss | K2: Number Months | L2: Weight Loss Per Month | M2: Weight Loss Per Week | N2: Goal Per Week
B3: =17*14 -> 238 | C3: =17*14 -> 238 | D3: =17*14 -> 238 | E3: =17*14 -> 238 | F3: =E3-7 -> 231 | G3: =G30 -> 210 | H3: =G3-7 -> 203 | I3: =H3-7 -> 196 | J3: =F3-I3 -> 35 | K3: 4 | L3: =J3/K3 -> 8.75 | M3: =L3/4 -> 2.1875 | N3: =7/4 -> 1.75
A5: 45810 | B5: =ISOWEEKNUM(A5) -22 -> 1 | C5: =(B3-$N$3) -> 236.25
A6: =A5+7 -> 45817 | B6: =B5+1 -> 2 | C6: =C5-$N$3 -> 234.5
A7: =A6+7 -> 45824 | B7: =ISOWEEKNUM(A7) -22 -> 3 | C7: =C6-$N$3 -> 232.75
A8: =A7+7 -> 45831 | B8: =B7+1 -> 4 | C8: =C7-$N$3 -> 231
A10: =A8+7 -> 45838 | B10: =B8+1 -> 5 | D10: =C8-$N$3 -> 229.25
A11: =A10+7 -> 45845 | B11: =B10+1 -> 6 | D11: =D10-$N$3 -> 227.5
A12: =A11+7 -> 45852 | B12: =B11+1 -> 7 | D12: =D11-$N$3 -> 225.75
A13: =A12+7 -> 45859 | B13: =B12+1 -> 8 | D13: =D12-$N$3 -> 224
A14: =A13+7 -> 45866 | B14: =B13+1 -> 9 | D14: =D13-$N$3 -> 222.25
A16: =A14+7 -> 45873 | B16: =B14+1 -> 10 | E16: =D14-$N$3 -> 220.5
A17: =A16+7 -> 45880 | B17: =B16+1 -> 11 | E17: =E16-$N$3 -> 218.75
A18: =A17+7 -> 45887 | B18: =B16+1 -> 11 | E18: =E17-$N$3 -> 217
A19: =A18+7 -> 45894 | B19: =B18+1 -> 12 | E19: 238
A21: =A19+7 -> 45901 | B21: =B19+1 -> 13 | F21: =E19-$N$3 -> 236.25
A22: =A21+7 -> 45908 | B22: =1+B21 -> 14 | F22: =F21-$N$3 -> 234.5
A23: =A22+7 -> 45915 | B23: =B22+1 -> 15 | F23: =F22-$N$3 -> 232.75
A24: =A23+7 -> 45922 | B24: =1+B23 -> 16 | F24: =F23-$N$3 -> 231
A25: =A24+7 -> 45929 | B25: =1+B24 -> 17 | F25: =F24-$N$3 -> 229.25
A27: =A25+7 -> 45936 | B27: =B25+1 -> 18 | G27: =16*14-2 -> 222
A28: =A27+7 -> 45943 | B28: =B27+1 -> 19 | G28: =G27-$N$3 -> 220.25
A29: =A28+7 -> 45950 | B29: =B28+1 -> 20 | G29: =G28-$N$3 -> 218.5
A30: =A29+7 -> 45957 | B30: =B29+1 -> 21 | G30: =15*14 -> 210
A32: =A30+7 -> 45964 | B32: =B30+1 -> 22 | H32: =G30-N3 -> 208.25
A33: =A32+7 -> 45971 | B33: =B32+1 -> 23 | H33: =H32-$N$3 -> 206.5
A34: =A33+7 -> 45978 | B34: =B33+1 -> 24 | H34: =H33-$N$3 -> 204.75
A35: =A34+7 -> 45985 | B35: =B34+1 -> 25 | H35: =H34-$N$3 -> 203
A37: =A35+7 -> 45992 | B37: =ISOWEEKNUM(A37) -10 -> 39 | I37: =203+7 -> 210
A38: =A37+7 -> 45999 | B38: =ISOWEEKNUM(A38) -10 -> 40 | I38: =I37 -> 210
A39: =A38+7 -> 46006 | B39: =ISOWEEKNUM(A39) -10 -> 41 | I39: =I38 -> 210
A40: =A39+7 -> 46013 | B40: =ISOWEEKNUM(A40) -10 -> 42 | I40: =I39 -> 210
A41: =A40+7 -> 46020 | B41: =B40+1 -> 43 | I41: =I40 -> 210

Sheet June 2025
B1: Week no
D2: Per Week | E2: M | F2: T | G2: W | H2: T | I2: F | J2: S | K2: S | L2: Weekly Min | M2: Weekly Max | N2: Weekly Var (st) | O2: Weekly change (St) | P2: Weekly change (lbs) | Q2: Weekly Target | R2: Weekly Min | S2: Net Achievement (stn) | T2: lbs | U2: Average (stn)
A4: ='Goals (lbs) Part 2'!A5 -> 45810 | B4: 1 | D4: 17 | E4: =D4 -> 17 | F4: =16 +8.6/14 -> 16.614286 | G4: =F4 -> 16.614286 | H4: =G4 -> 16.614286 | I4: =+16+11.4/16 -> 16.7125 | J4: 17 | K4: =+16+11.2/16 -> 16.7 | L4: =min(E4:K4) -> 16.614286 | M4: =MAX(E4:K4) -> 17 | N4: =M4-L4 -> 0.38571429 | O4: =K4-E4 -> -0.3 | P4: =O4*14 -> -4.2 | Q4: ='Goals (stn) Part 2'!C5 -> 16.875 | R4: =L4 -> 16.614286 | S4: =Q4-R4 -> 0.26071429 | T4: =S4*14 -> 3.65 | U4: =AVERAGE(E4:K4) -> 16.750765
D5: =D4*14 -> 238 | E5: =E4-D4 -> 0 | F5: =F4-E4 -> -0.38571429 | G5: =G4-F4 -> 0 | H5: =H4-G4 -> 0 | I5: =I4-H4 -> 0.098214286 | J5: =J4-I4 -> 0.2875 | K5: =K4-J4 -> -0.3
E6: =E5*14 -> 0 | F6: =F5*14 -> -5.4 | G6: =G5*14 -> 0 | H6: =H5*14 -> 0 | I6: =I5*14 -> 1.375 | J6: =J5*14 -> 4.025 | K6: =K5*14 -> -4.2
A8: =A4+7 -> 45817 | B8: =B4+1 -> 2 | D8: =K4 -> 16.7 | E8: 17 | F8: =E8 -> 17 | G8: =16+10.4/14 -> 16.742857 | H8: =16+6/14 -> 16.428571 | I8: =16+3.2/14 -> 16.228571 | J8: =16+2.2/14 -> 16.157143 | K8: =16+5/14 -> 16.357143 | L8: =min(E8:K8) -> 16.157143 | M8: =MAX(E8:K8) -> 17 | N8: =M8-L8 -> 0.84285714 | O8: =K8-E8 -> -0.64285714 | P8: =O8*14 -> -9 | Q8: ='Goals (stn) Part 2'!C6 -> 16.75 | R8: =L8 -> 16.157143 | S8: =Q8-R8 -> 0.59285714 | T8: =S8*14 -> 8.3 | U8: =AVERAGE(E8:K8) -> 16.559184 | V8: =-1*(U4-U8) -> -0.19158163
D9: =D8*14 -> 233.8 | E9: =E8-K4 -> 0.3 | F9: =F8-E8 -> 0 | G9: =G8-F8 -> -0.25714286 | H9: =H8-G8 -> -0.31428571 | I9: =I8-H8 -> -0.2 | J9: =J8-I8 -> -0.071428571 | K9: =K8-J8 -> 0.2
E10: =(K5-E9)*-1 -> 0.6 | F10: =F9*14 -> 0 | G10: =G9*14 -> -3.6 | H10: =H9*14 -> -4.4 | I10: =I9*14 -> -2.8 | J10: =J9*14 -> -1 | K10: =K9*14 -> 2.8
A12: =A8+7 -> 45824 | B12: =B8+1 -> 3 | D12: =K8 -> 16.357143 | E12: =16+8.2/14 -> 16.585714 | F12: =16+10.2/14 -> 16.728571 | G12: =16+11.4/14 -> 16.814286 | H12: =16+8.2/14 -> 16.585714 | I12: =16+13.2/14 -> 16.942857 | J12: =16+8.2/14 -> 16.585714 | K12: =16+10/14 -> 16.714286 | L12: =min(E12:K12) -> 16.585714 | M12: =MAX(E12:K12) -> 16.942857 | N12: =M12-L12 -> 0.35714286 | O12: =K12-E12 -> 0.12857143 | P12: =O12*14 -> 1.8 | Q12: ='Goals (stn) Part 2'!C7 -> 16.625 | R12: =L12 -> 16.585714 | S12: =Q12-R12 -> 0.039285714 | T12: =S12*14 -> 0.55 | U12: =AVERAGE(E12:K12) -> 16.708163 | V12: =-1*(U8-U12) -> 0.14897959
D13: =D12*14 -> 229 | E13: =(K8-E12) -> -0.22857143 | F13: =F12-E12 -> 0.14285714 | G13: =G12-F12 -> 0.085714286 | H13: =H12-G12 -> -0.22857143 | I13: =I12-H12 -> 0.35714286 | J13: =J12-I12 -> -0.35714286 | K13: =K12-J12 -> 0.12857143
E14: =(K9-E13)*-1 -> -0.42857143 | F14: =F13*14 -> 2 | G14: =G13*14 -> 1.2 | H14: =H13*14 -> -3.2 | I14: =I13*14 -> 5 | J14: =J13*14 -> -5 | K14: =K13*14 -> 1.8
A16: =A12+7 -> 45831 | B16: =B12+1 -> 4 | D16: =K12 -> 16.714286 | E16: =16+11.2/14 -> 16.8 | F16: =16+10.6/14 -> 16.757143 | G16: =16+10.2/14 -> 16.728571 | H16: =16+8/14 -> 16.571429 | I16: =16+7.2/14 -> 16.514286 | J16: =16+7.2/14 -> 16.514286 | K16: =16+7.2/14 -> 16.514286 | L16: =min(E16:K16) -> 16.514286 | M16: =MAX(E16:K16) -> 16.8 | N16: =M16-L16 -> 0.28571429 | O16: =K16-E16 -> -0.28571429 | P16: =O16*14 -> -4 | Q16: ='Goals (stn) Part 2'!C8 -> 16.5 | R16: =L16 -> 16.514286 | S16: =Q16-R16 -> -0.014285714 | T16: =S16*14 -> -0.2 | U16: =AVERAGE(E16:K16) -> 16.628571 | V16: =-1*(U12-U16) -> -0.079591837
D17: =D16*14 -> 234 | E17: =(K12-E16) -> -0.085714286 | F17: =F16-E16 -> -0.042857143 | G17: =G16-F16 -> -0.028571429 | H17: =H16-G16 -> -0.15714286 | I17: =I16-H16 -> -0.057142857 | J17: =J16-I16 -> 0 | K17: =K16-J16 -> 0
E18: =(K13-E17)*-1 -> -0.21428571 | F18: =F17*14 -> -0.6 | G18: =G17*14 -> -0.4 | H18: =H17*14 -> -2.2 | I18: =I17*14 -> -0.8 | J18: =J17*14 -> 0 | K18: =K17*14 -> 0
A20: =A16+7 -> 45838 | B20: =B16+1 -> 5 | D20: =K16 -> 16.514286 | E20: =16+9.2/14 -> 16.657143 | F20: =16+9/14 -> 16.642857 | G20: =+16+10.2/14 -> 16.728571 | H20: =+16+7.8/14 -> 16.557143 | I20: =+16+6.8/14 -> 16.485714 | J20: =+16+3.8/14 -> 16.271429 | K20: =+16+9.2/14 -> 16.657143 | L20: =min(E20:K20) -> 16.271429 | M20: =MAX(E20:K20) -> 16.728571 | N20: =M20-L20 -> 0.45714286 | O20: =K20-E20 -> 0 | P20: =O20*14 -> 0 | Q20: ='Goals (stn) Part 2'!D10 -> 16.375 | R20: =L20 -> 16.271429 | S20: =Q20-R20 -> 0.10357143 | T20: =S20*14 -> 1.45 | U20: =AVERAGE(E20:K20) -> 16.571429 | V20: =-1*(U16-U20) -> -0.057142857
D21: =D20*14 -> 231.2 | E21: =(K17-E20)*-1 -> 16.657143 | F21: =F20*14 -> 233 | G21: =G20*14 -> 234.2 | H21: =H20*14 -> 231.8 | I21: =I20*14 -> 230.8 | J21: =J20*14 -> 227.8 | K21: =K20*14 -> 233.2
E22: =(K17-E21)*-1 -> 16.657143 | F22: =(L17-F21)*-1 -> 233 | G22: =(M17-G21)*-1 -> 234.2 | H22: =(N17-H21)*-1 -> 231.8 | I22: =(O17-I21)*-1 -> 230.8 | J22: =(P17-J21)*-1 -> 227.8 | K22: =(Q17-K21)*-1 -> 233.2
A24: =A20+7 -> 45845 | B24: =B20+1 -> 6 | D24: =K20 -> 16.657143 | E24: =16+9.2/14 -> 16.657143 | F24: =16+12/14 -> 16.857143 | G24: =16+10/14 -> 16.714286 | H24: =16+7.8/14 -> 16.557143 | I24: =16+5.8/14 -> 16.414286 | J24: =16+3.8/14 -> 16.271429 | K24: =16+12/14 -> 16.857143 | L24: =min(E24:K24) -> 16.271429 | M24: =MAX(E24:K24) -> 16.857143 | N24: =M24-L24 -> 0.58571429 | O24: =K24-E24 -> 0.2 | P24: =O24*14 -> 2.8 | Q24: ='Goals (stn) Part 2'!D11 -> 16.25 | R24: =L24 -> 16.271429 | S24: =Q24-R24 -> -0.021428571 | T24: =S24*14 -> -0.3 | U24: =AVERAGE(E24:K24) -> 16.618367 | V24: =-1*(U20-U24) -> 0.046938776
D25: =D24*14 -> 233.2 | E25: =E24-D24 -> 0 | F25: =F24-E24 -> 0.2 | G25: =G24-F24 -> -0.14285714 | H25: =H24-G24 -> -0.15714286 | I25: =I24-H24 -> -0.14285714 | J25: =J24-I24 -> -0.14285714 | K25: =K24-J24 -> 0.58571429
E26: =(K20-E25)*-1 -> -16.657143 | F26: =F25*14 -> 2.8 | G26: =G25*14 -> -2 | H26: =H25*14 -> -2.2 | I26: =I25*14 -> -2 | J26: =J25*14 -> -2 | K26: =K25*14 -> 8.2
A28: =A24+7 -> 45852 | B28: =B24+1 -> 7 | D28: =K24 -> 16.857143 | E28: =16+9.2/14 -> 16.657143 | F28: =16+10.2/14 -> 16.728571 | G28: =16+9.2/14 -> 16.657143 | H28: =16+10.2/14 -> 16.728571 | I28: =16+5.8/14 -> 16.414286 | J28: =16+9.2/14 -> 16.657143 | K28: =16+9.2/14 -> 16.657143 | L28: =min(E28:K28) -> 16.414286 | M28: =MAX(E28:K28) -> 16.728571 | N28: =M28-L28 -> 0.31428571 | O28: =K28-E28 -> 0 | P28: =O28*14 -> 0 | Q28: ='Goals (stn) Part 2'!D12 -> 16.125 | R28: =L28 -> 16.414286 | S28: =Q28-R28 -> -0.28928571 | T28: =S28*14 -> -4.05 | U28: =AVERAGE(E28:K28) -> 16.642857 | V28: =-1*(U24-U28) -> 0.024489796
E29: =(K25-E28)*-1 -> 16.071429 | F29: =F28-E28 -> 0.071428571 | G29: =G28-F28 -> -0.071428571 | H29: =H28-G28 -> 0.071428571 | I29: =I28-H28 -> -0.31428571 | J29: =J28-I28 -> 0.24285714 | K29: =K28-J28 -> 0
E30: =(K24-E29)*-1 -> -0.78571429 | F30: =F29*14 -> 1 | G30: =G29*14 -> -1 | H30: =H29*14 -> 1 | I30: =I29*14 -> -4.4 | J30: =J29*14 -> 3.4 | K30: =K29*14 -> 0
A32: =A28+7 -> 45859 | B32: =B28+1 -> 8 | D32: =K28 -> 16.657143 | E32: =16+10.8/14 -> 16.771429 | F32: =16+10.2/14 -> 16.728571 | G32: =16+9.2/14 -> 16.657143 | H32: =16+10.2/14 -> 16.728571 | I32: =16+5.8/14 -> 16.414286 | J32: =16+9.2/14 -> 16.657143 | K32: =16+7.6/14 -> 16.542857 | L32: =min(E32:K32) -> 16.414286 | M32: =MAX(E32:K32) -> 16.771429 | N32: =M32-L32 -> 0.35714286 | O32: =K31-E31 -> 0 | P32: =O32*14 -> 0 | Q32: ='Goals (stn) Part 2'!D13 -> 16 | R32: =L32 -> 16.414286 | S32: =Q32-R32 -> -0.41428571 | T32: =S32*14 -> -5.8 | U32: =AVERAGE(E32:K32) -> 16.642857 | V32: =-1*(U28-U32) -> 0
E33: =(K29-E32)*-1 -> 16.771429 | F33: =F32-E32 -> -0.042857143 | G33: =G32-F32 -> -0.071428571 | H33: =H32-G32 -> 0.071428571 | I33: =I32-H32 -> -0.31428571 | J33: =J32-I32 -> 0.24285714 | K33: =K32-J32 -> -0.11428571
E34: =(K28-E33)*-1 -> 0.11428571 | F34: =F33*14 -> -0.6 | G34: =G33*14 -> -1 | H34: =H33*14 -> 1 | I34: =I33*14 -> -4.4 | J34: =J33*14 -> 3.4 | K34: =K33*14 -> -1.6
A36: =A32+7 -> 45866 | B36: =B32+1 -> 9 | D36: =K32 -> 16.542857 | E36: =16+9.2/14 -> 16.657143 | F36: =16+10.2/14 -> 16.728571 | G36: =16+9.2/14 -> 16.657143 | H36: =16+10.2/14 -> 16.728571 | I36: =16+7.4/14 -> 16.528571 | J36: =16+9.2/14 -> 16.657143 | K36: =16+9.2/14 -> 16.657143 | L36: =min(E36:K36) -> 16.528571 | M36: =MAX(E36:K36) -> 16.728571 | N36: =M36-L36 -> 0.2 | O36: =K35-E35 -> 0 | P36: =O36*14 -> 0 | Q36: ='Goals (stn) Part 2'!D14 -> 15.875 | R36: =L36 -> 16.528571 | S36: =Q39-R36 -> -16.528571 | T36: =S36*14 -> -231.4 | U36: =AVERAGE(E36:K36) -> 16.659184 | V36: =-1*(U32-U36) -> 0.016326531
E37: =(K33-E36)*-1 -> 16.771429 | F37: =F36-E36 -> 0.071428571 | G37: =G36-F36 -> -0.071428571 | H37: =H36-G36 -> 0.071428571 | I37: =I36-H36 -> -0.2 | J37: =J36-I36 -> 0.12857143 | K37: =K36-J36 -> 0
E38: =(K32-E37)*-1 -> 0.22857143 | F38: =F37*14 -> 1 | G38: =G37*14 -> -1 | H38: =H37*14 -> 1 | I38: =I37*14 -> -2.8 | J38: =J37*14 -> 1.8 | K38: =K37*14 -> 0
A72: =A68+7 -> 7 | B72: =B68+1 -> 1 | D72: =K68 | E72: 0 | F72: 0 | G72: 0 | H72: 0 | I72: 0 | J72: 0 | K72: 0 | L72: =min(E72:K72) -> 0 | M72: =MAX(E72:K72) -> 0 | N72: =M72-L72 -> 0 | O72: =K72-E72 -> 0 | P72: =O72*14 -> 0
D73: =D72*14 -> 0 | E73: =E72-K68 -> 0 | F73: =F72-E72 -> 0 | G73: =G72-F72 -> 0 | H73: =H72-G72 -> 0 | I73: =I72-H72 -> 0 | J73: =J72-I72 -> 0 | K73: =K72-J72 -> 0
E74: =(K69-E73)*-1 -> 0 | F74: =F73*14 -> 0 | G74: =G73*14 -> 0 | H74: =H73*14 -> 0 | I74: =I73*14 -> 0 | J74: =J73*14 -> 0 | K74: =K73*14 -> 0
A76: =A72+7 -> 14 | B76: =B72+1 -> 2 | D76: =K72 -> 0 | E76: 0 | F76: 0 | G76: 0 | H76: 0 | I76: 0 | J76: 0 | K76: 0 | L76: =min(E76:K76) -> 0 | M76: =MAX(E76:K76) -> 0 | N76: =M76-L76 -> 0 | O76: =K76-E76 -> 0 | P76: =O76*14 -> 0
D77: =D76*14 -> 0 | E77: =E76-K72 -> 0 | F77: =F76-E76 -> 0 | G77: =G76-F76 -> 0 | H77: =H76-G76 -> 0 | I77: =I76-H76 -> 0 | J77: =J76-I76 -> 0 | K77: =K76-J76 -> 0
E78: =(K73-E77)*-1 -> 0 | F78: =F77*14 -> 0 | G78: =G77*14 -> 0 | H78: =H77*14 -> 0 | I78: =I77*14 -> 0 | J78: =J77*14 -> 0 | K78: =K77*14 -> 0 | L78: =average($L$4:L76) -> 13.433766 | M78: =average($M$4:M76) -> 13.777922

Sheet July-August
B1: Week no
D2: Per Week | E2: M | F2: T | G2: W | H2: T | I2: F | J2: S | K2: S | L2: Weekly Min | M2: Weekly Max | N2: Weekly Var (st) | O2: Weekly change (St) | P2: Weekly change (lbs) | Q2: Weekly Target | R2: Weekly Min | S2: Net Achievement (stn) | T2: lbs | U2: Average (stn)
A4: ='Goals (lbs) Part 2'!A16 -> 45873 | B4: 1 | D4: 17 | E4: =D4 -> 17 | F4: =16 +8.6/14 -> 16.614286 | G4: =F4 -> 16.614286 | H4: =G4 -> 16.614286 | I4: =+16+11.4/16 -> 16.7125 | J4: 17 | K4: =+16+11.2/16 -> 16.7 | L4: =min(E4:K4) -> 16.614286 | M4: =MAX(E4:K4) -> 17 | N4: =M4-L4 -> 0.38571429 | O4: =K4-E4 -> -0.3 | P4: =O4*14 -> -4.2 | Q4: ='Goals (stn) Part 2'!E16 -> 15.75 | R4: =L4 -> 16.614286 | S4: =Q4-R4 -> -0.86428571 | T4: =S4*14 -> -12.1 | U4: =AVERAGE(E4:K4) -> 16.750765
D5: =D4*14 -> 238 | E5: =E4-D4 -> 0 | F5: =F4-E4 -> -0.38571429 | G5: =G4-F4 -> 0 | H5: =H4-G4 -> 0 | I5: =I4-H4 -> 0.098214286 | J5: =J4-I4 -> 0.2875 | K5: =K4-J4 -> -0.3
E6: =E5*14 -> 0 | F6: =F5*14 -> -5.4 | G6: =G5*14 -> 0 | H6: =H5*14 -> 0 | I6: =I5*14 -> 1.375 | J6: =J5*14 -> 4.025 | K6: =K5*14 -> -4.2
A8: =A4+7 -> 45880 | B8: =B4+1 -> 2 | D8: =K4 -> 16.7 | E8: 17 | F8: =E8 -> 17 | G8: =16+10.4/14 -> 16.742857 | H8: =16+6/14 -> 16.428571 | I8: =16+3.2/14 -> 16.228571 | J8: =16+2.2/14 -> 16.157143 | K8: =16+5/14 -> 16.357143 | L8: =min(E8:K8) -> 16.157143 | M8: =MAX(E8:K8) -> 17 | N8: =M8-L8 -> 0.84285714 | O8: =K8-E8 -> -0.64285714 | P8: =O8*14 -> -9 | Q8: ='Goals (stn) Part 2'!E17 -> 15.625 | R8: =L8 -> 16.157143 | S8: =Q8-R8 -> -0.53214286 | T8: =S8*14 -> -7.45 | U8: =AVERAGE(E8:K8) -> 16.559184 | V8: =-1*(U4-U8) -> -0.19158163
D9: =D8*14 -> 233.8 | E9: =E8-K4 -> 0.3 | F9: =F8-E8 -> 0 | G9: =G8-F8 -> -0.25714286 | H9: =H8-G8 -> -0.31428571 | I9: =I8-H8 -> -0.2 | J9: =J8-I8 -> -0.071428571 | K9: =K8-J8 -> 0.2
E10: =(K5-E9)*-1 -> 0.6 | F10: =F9*14 -> 0 | G10: =G9*14 -> -3.6 | H10: =H9*14 -> -4.4 | I10: =I9*14 -> -2.8 | J10: =J9*14 -> -1 | K10: =K9*14 -> 2.8
A12: =A8+7 -> 45887 | B12: =B8+1 -> 3 | D12: =K8 -> 16.357143 | E12: =16+8.2/14 -> 16.585714 | F12: =16+10.2/14 -> 16.728571 | G12: =16+11.4/14 -> 16.814286 | H12: =16+8.2/14 -> 16.585714 | I12: =16+13.2/14 -> 16.942857 | J12: =16+8.2/14 -> 16.585714 | K12: =16+10/14 -> 16.714286 | L12: =min(E12:K12) -> 16.585714 | M12: =MAX(E12:K12) -> 16.942857 | N12: =M12-L12 -> 0.35714286 | O12: =K12-E12 -> 0.12857143 | P12: =O12*14 -> 1.8 | Q12: ='Goals (stn) Part 2'!E18 -> 15.5 | R12: =L12 -> 16.585714 | S12: =Q12-R12 -> -1.0857143 | T12: =S12*14 -> -15.2 | U12: =AVERAGE(E12:K12) -> 16.708163 | V12: =-1*(U8-U12) -> 0.14897959
D13: =D12*14 -> 229 | E13: =(K8-E12) -> -0.22857143 | F13: =F12-E12 -> 0.14285714 | G13: =G12-F12 -> 0.085714286 | H13: =H12-G12 -> -0.22857143 | I13: =I12-H12 -> 0.35714286 | J13: =J12-I12 -> -0.35714286 | K13: =K12-J12 -> 0.12857143
E14: =(K9-E13)*-1 -> -0.42857143 | F14: =F13*14 -> 2 | G14: =G13*14 -> 1.2 | H14: =H13*14 -> -3.2 | I14: =I13*14 -> 5 | J14: =J13*14 -> -5 | K14: =K13*14 -> 1.8
A16: =A12+7 -> 45894 | B16: =B12+1 -> 4 | D16: =K12 -> 16.714286 | E16: =16+11.2/14 -> 16.8 | F16: =16+10.6/14 -> 16.757143 | G16: =16+10.2/14 -> 16.728571 | H16: =16+8/14 -> 16.571429 | I16: =16+11.8/14 -> 16.842857 | J16: =16+11.8/14 -> 16.842857 | K16: =16+11.8/14 -> 16.842857 | L16: =min(E16:K16) -> 16.571429 | M16: =MAX(E16:K16) -> 16.842857 | N16: =M16-L16 -> 0.27142857 | O16: =K16-E16 -> 0.042857143 | P16: =O16*14 -> 0.6 | Q16: ='Goals (stn) Part 2'!E19 -> 17 | R16: =L16 -> 16.571429 | S16: =Q16-R16 -> 0.42857143 | T16: =S16*14 -> 6 | U16: =AVERAGE(E16:K16) -> 16.769388 | V16: =-1*(U12-U16) -> 0.06122449
D17: =D16*14 -> 234 | E17: =(K12-E16) -> -0.085714286 | F17: =F16-E16 -> -0.042857143 | G17: =G16-F16 -> -0.028571429 | H17: =H16-G16 -> -0.15714286 | I17: =I16-H16 -> 0.27142857 | J17: =J16-I16 -> 0 | K17: =K16-J16 -> 0
E18: =(K13-E17)*-1 -> -0.21428571 | F18: =F17*14 -> -0.6 | G18: =G17*14 -> -0.4 | H18: =H17*14 -> -2.2 | I18: =I17*14 -> 3.8 | J18: =J17*14 -> 0 | K18: =K17*14 -> 0
A20: =A16+7 -> 45901 | B20: =B16+1 -> 5 | D20: =K16 -> 16.842857 | E20: =16+9.2/14 -> 16.657143 | F20: =16+9/14 -> 16.642857 | G20: =+16+10.2/14 -> 16.728571 | H20: =+16+7.8/14 -> 16.557143 | I20: =+16+6.8/14 -> 16.485714 | J20: =+16+3.8/14 -> 16.271429 | K20: =+16+9.2/14 -> 16.657143 | L20: =min(E20:K20) -> 16.271429 | M20: =MAX(E20:K20) -> 16.728571 | N20: =M20-L20 -> 0.45714286 | O20: =K20-E20 -> 0 | P20: =O20*14 -> 0 | Q20: ='Goals (stn) Part 2'!F21 -> 16.875 | R20: =L20 -> 16.271429 | S20: =Q20-R20 -> 0.60357143 | T20: =S20*14 -> 8.45 | U20: =AVERAGE(E20:K20) -> 16.571429 | V20: =-1*(U16-U20) -> -0.19795918
D21: =D20*14 -> 235.8 | E21: =(K17-E20)*-1 -> 16.657143 | F21: =F20*14 -> 233 | G21: =G20*14 -> 234.2 | H21: =H20*14 -> 231.8 | I21: =I20*14 -> 230.8 | J21: =J20*14 -> 227.8 | K21: =K20*14 -> 233.2
E22: =(K17-E21)*-1 -> 16.657143 | F22: =(L17-F21)*-1 -> 233 | G22: =(M17-G21)*-1 -> 234.2 | H22: =(N17-H21)*-1 -> 231.8 | I22: =(O17-I21)*-1 -> 230.8 | J22: =(P17-J21)*-1 -> 227.8 | K22: =(Q17-K21)*-1 -> 233.2
A24: =A20+7 -> 45908 | B24: =B20+1 -> 6 | D24: =K20 -> 16.657143 | E24: =16+9.2/14 -> 16.657143 | F24: =16+12/14 -> 16.857143 | G24: =16+10/14 -> 16.714286 | H24: =16+7.8/14 -> 16.557143 | I24: =16+5.8/14 -> 16.414286 | J24: =16+3.8/14 -> 16.271429 | K24: =16+12/14 -> 16.857143 | L24: =min(E24:K24) -> 16.271429 | M24: =MAX(E24:K24) -> 16.857143 | N24: =M24-L24 -> 0.58571429 | O24: =K24-E24 -> 0.2 | P24: =O24*14 -> 2.8 | Q24: ='Goals (stn) Part 2'!F22 -> 16.75 | R24: =L24 -> 16.271429 | S24: =Q24-R24 -> 0.47857143 | T24: =S24*14 -> 6.7 | U24: =AVERAGE(E24:K24) -> 16.618367 | V24: =-1*(U20-U24) -> 0.046938776
D25: =D24*14 -> 233.2 | E25: =E24-D24 -> 0 | F25: =F24-E24 -> 0.2 | G25: =G24-F24 -> -0.14285714 | H25: =H24-G24 -> -0.15714286 | I25: =I24-H24 -> -0.14285714 | J25: =J24-I24 -> -0.14285714 | K25: =K24-J24 -> 0.58571429
E26: =(K20-E25)*-1 -> -16.657143 | F26: =F25*14 -> 2.8 | G26: =G25*14 -> -2 | H26: =H25*14 -> -2.2 | I26: =I25*14 -> -2 | J26: =J25*14 -> -2 | K26: =K25*14 -> 8.2
A28: =A24+7 -> 45915 | B28: =B24+1 -> 7 | D28: =K24 -> 16.857143 | E28: =16+9.2/14 -> 16.657143 | F28: =16+10.2/14 -> 16.728571 | G28: =16+9.2/14 -> 16.657143 | H28: =16+10.2/14 -> 16.728571 | I28: =16+5.8/14 -> 16.414286 | J28: =16+9.2/14 -> 16.657143 | K28: =16+9.2/14 -> 16.657143 | L28: =min(E28:K28) -> 16.414286 | M28: =MAX(E28:K28) -> 16.728571 | N28: =M28-L28 -> 0.31428571 | O28: =K28-E28 -> 0 | P28: =O28*14 -> 0 | Q28: ='Goals (stn) Part 2'!F23 -> 16.625 | R28: =L28 -> 16.414286 | S28: =Q28-R28 -> 0.21071429 | T28: =S28*14 -> 2.95 | U28: =AVERAGE(E28:K28) -> 16.642857 | V28: =-1*(U24-U28) -> 0.024489796
E29: =(K25-E28)*-1 -> 16.071429 | F29: =F28-E28 -> 0.071428571 | G29: =G28-F28 -> -0.071428571 | H29: =H28-G28 -> 0.071428571 | I29: =I28-H28 -> -0.31428571 | J29: =J28-I28 -> 0.24285714 | K29: =K28-J28 -> 0
E30: =(K24-E29)*-1 -> -0.78571429 | F30: =F29*14 -> 1 | G30: =G29*14 -> -1 | H30: =H29*14 -> 1 | I30: =I29*14 -> -4.4 | J30: =J29*14 -> 3.4 | K30: =K29*14 -> 0
A32: =A28+7 -> 45922 | B32: =B28+1 -> 8 | D32: =K28 -> 16.657143 | E32: =16+9.2/14 -> 16.657143 | F32: =16+10.2/14 -> 16.728571 | G32: =16+9.2/14 -> 16.657143 | H32: =16+8/14 -> 16.571429 | I32: =16+5.8/14 -> 16.414286 | J32: =16+9.2/14 -> 16.657143 | K32: =16+9.2/14 -> 16.657143 | L32: =min(E32:K32) -> 16.414286 | M32: =MAX(E32:K32) -> 16.728571 | N32: =M32-L32 -> 0.31428571 | O32: =K31-E31 -> 0 | P32: =O32*14 -> 0 | Q32: ='Goals (stn) Part 2'!F24 -> 16.5 | R32: =L32 -> 16.414286 | S32: =Q32-R32 -> 0.085714286 | T32: =S32*14 -> 1.2 | U32: =AVERAGE(E32:K32) -> 16.620408 | V32: =-1*(U28-U32) -> -0.02244898
E33: =(K29-E32)*-1 -> 16.657143 | F33: =F32-E32 -> 0.071428571 | G33: =G32-F32 -> -0.071428571 | H33: =H32-G32 -> -0.085714286 | I33: =I32-H32 -> -0.15714286 | J33: =J32-I32 -> 0.24285714 | K33: =K32-J32 -> 0
E34: =(K28-E33)*-1 -> 0 | F34: =F33*14 -> 1 | G34: =G33*14 -> -1 | H34: =H33*14 -> -1.2 | I34: =I33*14 -> -2.2 | J34: =J33*14 -> 3.4 | K34: =K33*14 -> 0
A36: =A32+7 -> 45929 | B36: =B32+1 -> 9 | D36: =K32 -> 16.657143 | E36: =16+7.2/14 -> 16.514286 | F36: =16+3.8/14 -> 16.271429 | G36: =16+6.8/14 -> 16.485714 | H36: =16+10.2/14 -> 16.728571 | I36: =16+5.8/14 -> 16.414286 | J36: =16+9.2/14 -> 16.657143 | K36: =16+9.2/14 -> 16.657143 | L36: =min(E36:K36) -> 16.271429 | M36: =MAX(E36:K36) -> 16.728571 | N36: =M36-L36 -> 0.45714286 | O36: =K35-E35 -> 0 | P36: =O36*14 -> 0 | Q36: ='Goals (stn) Part 2'!F25 -> 16.375 | R36: =L36 -> 16.271429 | S36: =Q36-R36 -> 0.10357143 | T36: =S36*14 -> 1.45 | U36: =AVERAGE(E36:K36) -> 16.532653 | V36: =-1*(U32-U36) -> -0.087755102
E37: =(K33-E36)*-1 -> 16.514286 | F37: =F36-E36 -> -0.24285714 | G37: =G36-F36 -> 0.21428571 | H37: =H36-G36 -> 0.24285714 | I37: =I36-H36 -> -0.31428571 | J37: =J36-I36 -> 0.24285714 | K37: =K36-J36 -> 0
E38: =(K32-E37)*-1 -> -0.14285714 | F38: =F37*14 -> -3.4 | G38: =G37*14 -> 3 | H38: =H37*14 -> 3.4 | I38: =I37*14 -> -4.4 | J38: =J37*14 -> 3.4 | K38: =K37*14 -> 0
A72: =A68+7 -> 7 | B72: =B68+1 -> 1 | D72: =K68 | E72: 0 | F72: 0 | G72: 0 | H72: 0 | I72: 0 | J72: 0 | K72: 0 | L72: =min(E72:K72) -> 0 | M72: =MAX(E72:K72) -> 0 | N72: =M72-L72 -> 0 | O72: =K72-E72 -> 0 | P72: =O72*14 -> 0
D73: =D72*14 -> 0 | E73: =E72-K68 -> 0 | F73: =F72-E72 -> 0 | G73: =G72-F72 -> 0 | H73: =H72-G72 -> 0 | I73: =I72-H72 -> 0 | J73: =J72-I72 -> 0 | K73: =K72-J72 -> 0
E74: =(K69-E73)*-1 -> 0 | F74: =F73*14 -> 0 | G74: =G73*14 -> 0 | H74: =H73*14 -> 0 | I74: =I73*14 -> 0 | J74: =J73*14 -> 0 | K74: =K73*14 -> 0
A76: =A72+7 -> 14 | B76: =B72+1 -> 2 | D76: =K72 -> 0 | E76: 0 | F76: 0 | G76: 0 | H76: 0 | I76: 0 | J76: 0 | K76: 0 | L76: =min(E76:K76) -> 0 | M76: =MAX(E76:K76) -> 0 | N76: =M76-L76 -> 0 | O76: =K76-E76 -> 0 | P76: =O76*14 -> 0
D77: =D76*14 -> 0 | E77: =E76-K72 -> 0 | F77: =F76-E76 -> 0 | G77: =G76-F76 -> 0 | H77: =H76-G76 -> 0 | I77: =I76-H76 -> 0 | J77: =J76-I76 -> 0 | K77: =K76-J76 -> 0
E78: =(K73-E77)*-1 -> 0 | F78: =F77*14 -> 0 | G78: =G77*14 -> 0 | H78: =H77*14 -> 0 | I78: =I77*14 -> 0 | J78: =J77*14 -> 0 | K78: =K77*14 -> 0 | L78: =average($L$4:L76) -> 13.415584 | M78: =average($M$4:M76) -> 13.777922

Sheet September
B1: Week no
C2: Fasting | D2: Per Week | E2: M | F2: T | G2: W | H2: T | I2: F | J2: S | K2: S | L2: Weekly Min | M2: Weekly Max | N2: Weekly Var (st) | O2: Weekly change (St) | P2: Weekly change (lbs) | Q2: Weekly Target | R2: Weekly Min | S2: Net Achievement (stn) | T2: lbs | U2: Average (stn)
A4: 45901 | B4: 1 | C4: 4 | D4: 17 | E4: =16+12/14 -> 16.857143 | F4: =16+11/14 -> 16.785714 | G4: =+16+5.3/14 -> 16.378571 | H4: =+16+2.5/14 -> 16.178571 | I4: =+16+5.8/14 -> 16.414286 | J4: =+16+5/14 -> 16.357143 | K4: =+16+8.8/14 -> 16.628571 | L4: =min(E4:K4) -> 16.178571 | M4: =MAX(E4:K4) -> 16.857143 | N4: =M4-L4 -> 0.67857143 | O4: =K4-E4 -> -0.22857143 | P4: =O4*14 -> -3.2 | Q4: ='Goals (stn) Part 2'!F21 -> 16.875 | R4: =L4 -> 16.178571 | S4: =Q4-R4 -> 0.69642857 | T4: =S4*14 -> 9.75 | U4: =AVERAGE(E4:K4) -> 16.514286
E5: =E4-D4 -> -0.14285714 | F5: =F4-E4 -> -0.071428571 | G5: =G4-F4 -> -0.40714286 | H5: =H4-G4 -> -0.2 | I5: =I4-H4 -> 0.23571429 | J5: =J4-I4 -> -0.057142857 | K5: =K4-J4 -> 0.27142857
E6: =E5*14 -> -2 | F6: =F5*14 -> -1 | G6: =G5*14 -> -5.7 | H6: =H5*14 -> -2.8 | I6: =I5*14 -> 3.3 | J6: =J5*14 -> -0.8 | K6: =K5*14 -> 3.8
A8: 45908 | B8: =B4+1 -> 2 | C8: 3 | D8: =K4 -> 16.628571 | E8: =16+8/14 -> 16.571429 | F8: =16+2.4/14 -> 16.171429 | G8: =16+4/14 -> 16.285714 | H8: =16+1.2/14 -> 16.085714 | I8: =16+2/14 -> 16.142857 | J8: =15+13.8/14 -> 15.985714 | K8: =16+4/14 -> 16.285714 | L8: =min(E8:K8) -> 15.985714 | M8: =MAX(E8:K8) -> 16.571429 | N8: =M8-L8 -> 0.58571429 | O8: =K8-E8 -> -0.28571429 | P8: =O8*14 -> -4 | Q8: ='Goals (stn) Part 2'!F22 -> 16.75 | R8: =L8 -> 15.985714 | S8: =Q8-R8 -> 0.76428571 | T8: =S8*14 -> 10.7 | U8: =AVERAGE(E8:K8) -> 16.218367 | V8: =-1*(U4-U8) -> -0.29591837 | W8: =V8*14 -> -4.1428571
E9: =E8-D8 -> -0.057142857 | F9: =F8-E8 -> -0.4 | G9: =G8-F8 -> 0.11428571 | H9: =H8-G8 -> -0.2 | I9: =I8-H8 -> 0.057142857 | J9: =J8-I8 -> -0.15714286 | K9: =K8-J8 -> 0.3
E10: =E9*14 -> -0.8 | F10: =F9*14 -> -5.6 | G10: =G9*14 -> 1.6 | H10: =H9*14 -> -2.8 | I10: =I9*14 -> 0.8 | J10: =J9*14 -> -2.2 | K10: =K9*14 -> 4.2
A12: 45915 | B12: =B8+1 -> 3 | C12: 4 | D12: =K8 -> 16.285714 | E12: =16+4.8/14 -> 16.342857 | F12: =16+1.2/14 -> 16.085714 | G12: =15+11.6/14 -> 15.828571 | H12: 16 | I12: =15+9.6/14 -> 15.685714 | J12: =15+9/14 -> 15.642857 | K12: =15+9.6/14 -> 15.685714 | L12: =min(E12:K12) -> 15.642857 | M12: =MAX(E12:K12) -> 16.342857 | N12: =M12-L12 -> 0.7 | O12: =K12-E12 -> -0.65714286 | P12: =O12*14 -> -9.2 | Q12: ='Goals (stn) Part 2'!F23 -> 16.625 | R12: =L12 -> 15.642857 | S12: =Q12-R12 -> 0.98214286 | T12: =S12*14 -> 13.75 | U12: =AVERAGE(E12:K12) -> 15.895918 | V12: =-1*(U8-U12) -> -0.32244898 | W12: =V12*14 -> -4.5142857
E13: =E12-D12 -> 0.057142857 | F13: =F12-E12 -> -0.25714286 | G13: =G12-F12 -> -0.25714286 | H13: =H12-G12 -> 0.17142857 | I13: =I12-H12 -> -0.31428571 | J13: =J12-I12 -> -0.042857143 | K13: =K12-J12 -> 0.042857143
E14: =E13*14 -> 0.8 | F14: =F13*14 -> -3.6 | G14: =G13*14 -> -3.6 | H14: =H13*14 -> 2.4 | I14: =I13*14 -> -4.4 | J14: =J13*14 -> -0.6 | K14: =K13*14 -> 0.6
A16: 45922 | B16: =B12+1 -> 4 | C16: 3 | D16: =K12 -> 15.685714 | E16: =15 +12.8/14 -> 15.914286 | F16: =15 +13/14 -> 15.928571 | G16: =15 +8.8/14 -> 15.628571 | H16: =15 +5.4/14 -> 15.385714 | I16: =15 +4/14 -> 15.285714 | J16: =15 +7/14 -> 15.5 | K16: =15 +7/14 -> 15.5 | L16: =min(E16:K16) -> 15.285714 | M16: =MAX(E16:K16) -> 15.928571 | N16: =M16-L16 -> 0.64285714 | O16: =K16-E16 -> -0.41428571 | P16: =O16*14 -> -5.8 | Q16: ='Goals (stn) Part 2'!F24 -> 16.5 | R16: =L16 -> 15.285714 | S16: =Q16-R16 -> 1.2142857 | T16: =S16*14 -> 17 | U16: =AVERAGE(E16:K16) -> 15.591837 | V16: =-1*(U12-U16) -> -0.30408163 | W16: =V16*14 -> -4.2571429
E17: =E16-D16 -> 0.22857143 | F17: =F16-E16 -> 0.014285714 | G17: =G16-F16 -> -0.3 | H17: =H16-G16 -> -0.24285714 | I17: =I16-H16 -> -0.1 | J17: =J16-I16 -> 0.21428571 | K17: =K16-J16 -> 0
E18: =E17*14 -> 3.2 | F18: =F17*14 -> 0.2 | G18: =G17*14 -> -4.2 | H18: =H17*14 -> -3.4 | I18: =I17*14 -> -1.4 | J18: =J17*14 -> 3 | K18: =K17*14 -> 0
A20: 45929 | B20: =B16+1 -> 5 | C20: 2 | D20: =K16 -> 15.5 | E20: =16+7/14 -> 16.5 | F20: =16+3.4/14 -> 16.242857 | G20: =15+11/14 -> 15.785714 | H20: =15+12/14 -> 15.857143 | I20: =15+11/14 -> 15.785714 | J20: =15+13.8/14 -> 15.985714 | K20: =+16+2/14 -> 16.142857 | L20: =min(E20:K20) -> 15.785714 | M20: =MAX(E20:K20) -> 16.5 | N20: =M20-L20 -> 0.71428571 | O20: =K20-E20 -> -0.35714286 | P20: =O20*14 -> -5 | Q20: ='Goals (stn) Part 2'!F25 -> 16.375 | R20: =L20 -> 15.785714 | S20: =Q20-R20 -> 0.58928571 | T20: =S20*14 -> 8.25 | U20: =AVERAGE(E20:K20) -> 16.042857 | V20: =-1*(U16-U20) -> 0.45102041 | W20: =V20*14 -> 6.3142857
E21: =E20-D20 -> 1 | F21: =F20-E20 -> -0.25714286 | G21: =G20-F20 -> -0.45714286 | H21: =H20-G20 -> 0.071428571 | I21: =I20-H20 -> -0.071428571 | J21: =J20-I20 -> 0.2 | K21: =K20-J20 -> 0.15714286
E22: =E21*14 -> 14 | F22: =F21*14 -> -3.6 | G22: =G21*14 -> -6.4 | H22: =H21*14 -> 1 | I22: =I21*14 -> -1 | J22: =J21*14 -> 2.8 | K22: =K21*14 -> 2.2
A23: Totals | C23: =sum(C4:C20) -> 16

Sheet October
B1: Week no
C2: Fasting | D2: Per Week | E2: M | F2: T | G2: W | H2: T | I2: F | J2: S | K2: S | L2: Weekly Min | M2: Weekly Max | N2: Weekly Var (st) | O2: Weekly change (St) | P2: Weekly change (lbs) | Q2: Weekly Target | R2: Weekly Min | S2: Net Achievement (stn) | T2: lbs | U2: Average (stn)
A4: 45936 | B4: 1 | C4: 1 | D4: =September!K20 -> 16.142857 | E4: 16.142857 | F4: 16 | G4: 16 | H4: =15 +7/14 -> 15.5 | I4: =15 +10.8/14 -> 15.771429 | J4: =15 +10.2/14 -> 15.728571 | K4: =15 +10.2/14 -> 15.728571 | L4: =min(E4:K4) -> 15.5 | M4: =MAX(E4:K4) -> 16.142857 | N4: =M4-L4 -> 0.64285714 | O4: =K4-E4 -> -0.41428571 | P4: =O4*14 -> -5.8 | Q4: ='Goals (stn) Part 2'!G27 -> 15.857143 | R4: =L4 -> 15.5 | S4: =Q4-R4 -> 0.35714286 | T4: =S4*14 -> 5 | U4: =AVERAGE(E4:K4) -> 15.838776
E5: =E4-D4 -> 0 | F5: =F4-E4 -> -0.14285714 | G5: =G4-F4 -> 0 | H5: =H4-G4 -> -0.5 | I5: =I4-H4 -> 0.27142857 | J5: =J4-I4 -> -0.042857143 | K5: =K4-J4 -> 0
E6: =E5*14 -> 0 | F6: =F5*14 -> -2 | G6: =G5*14 -> 0 | H6: =H5*14 -> -7 | I6: =I5*14 -> 3.8 | J6: =J5*14 -> -0.6 | K6: =K5*14 -> 0
A8: =A4+7 -> 45943 | B8: =B4+1 -> 2 | C8: 2 | D8: =K4 -> 15.728571 | E8: 16 | F8: =15+8.4/14 -> 15.6 | G8: =15+4.8/14 -> 15.342857 | H8: =15 +7/14 -> 15.5 | I8: =15+5.4/14 -> 15.385714 | J8: =15+5.4/14 -> 15.385714 | K8: =15+ 9/14 -> 15.642857 | L8: =min(E8:K8) -> 15.342857 | M8: =MAX(E8:K8) -> 16 | N8: =M8-L8 -> 0.65714286 | O8: =K8-E8 -> -0.35714286 | P8: =O8*14 -> -5 | Q8: ='Goals (stn) Part 2'!G28 -> 15.732143 | R8: =L8 -> 15.342857 | S8: =Q8-R8 -> 0.38928571 | T8: =S8*14 -> 5.45 | U8: =AVERAGE(E8:K8) -> 15.55102 | V8: =-1*(U4-U8) -> -0.2877551 | W8: =V8*14 -> -4.0285714
E9: =E8-D8 -> 0.27142857 | F9: =F8-E8 -> -0.4 | G9: =G8-F8 -> -0.25714286 | H9: =H8-G8 -> 0.15714286 | I9: =I8-H8 -> -0.11428571 | J9: =J8-I8 -> 0 | K9: =K8-J8 -> 0.25714286
E10: =E9*14 -> 3.8 | F10: =F9*14 -> -5.6 | G10: =G9*14 -> -3.6 | H10: =H9*14 -> 2.2 | I10: =I9*14 -> -1.6 | J10: =J9*14 -> 0 | K10: =K9*14 -> 3.6
A12: =A8+7 -> 45950 | B12: =B8+1 -> 3 | C12: 3 | D12: =K8 -> 15.642857 | E12: =15 +7/14 -> 15.5 | F12: =15+ 9/14 -> 15.642857 | G12: =15+ 3.2/14 -> 15.228571 | H12: =14+ 13.2/14 -> 14.942857 | I12: =14+ 13.2/14 -> 14.942857 | J12: =15 + 2.3/14 -> 15.164286 | K12: =15 + 5.8/14 -> 15.414286 | L12: =14+ 13.2/14 -> 14.942857 | M12: =MAX(E12:K12) -> 15.642857 | N12: =M12-L12 -> 0.7 | O12: =K12-E12 -> -0.085714286 | P12: =O12*14 -> -1.2 | Q12: ='Goals (stn) Part 2'!G29 -> 15.607143 | R12: =L12 -> 14.942857 | S12: =Q12-R12 -> 0.66428571 | T12: =S12*14 -> 9.3 | U12: =AVERAGE(E12:K12) -> 15.262245 | V12: =-1*(U8-U12) -> -0.28877551 | W12: =V12*14 -> -4.0428571
E13: =E12-D12 -> -0.14285714 | F13: =F12-E12 -> 0.14285714 | G13: =G12-F12 -> -0.41428571 | H13: =H12-G12 -> -0.28571429 | I13: =I12-H12 -> 0 | J13: =J12-I12 -> 0.22142857 | K13: =K12-J12 -> 0.25
E14: =E13*14 -> -2 | F14: =F13*14 -> 2 | G14: =G13*14 -> -5.8 | H14: =H13*14 -> -4 | I14: =I13*14 -> 0 | J14: =J13*14 -> 3.1 | K14: =K13*14 -> 3.5
A16: =A12+7 -> 45957 | B16: =B12+1 -> 4 | C16: 4 | D16: =K12 -> 15.414286 | E16: =15 + 5.8/14 -> 15.414286 | F16: =15 + 0.2/14 -> 15.014286 | G16: =14 + 12/14 -> 14.857143 | H16: =15 -> 15 | I16: =14 + 12/14 -> 14.857143 | J16: =14 + 11.5/14 -> 14.821429 | K16: =14 + 11.5/14 -> 14.821429 | L16: =min(E16:K16) -> 14.821429 | M16: =MAX(E16:K16) -> 15.414286 | N16: =M16-L16 -> 0.59285714 | O16: =K16-E16 -> -0.59285714 | P16: =O16*14 -> -8.3 | Q16: ='Goals (stn) Part 2'!G30 -> 15 | R16: =L16 -> 14.821429 | S16: =Q16-R16 -> 0.17857143 | T16: =S16*14 -> 2.5 | U16: =AVERAGE(E16:K16) -> 14.969388 | V16: =-1*(U12-U16) -> -0.29285714 | W16: =V16*14 -> -4.1
E17: =E16-D16 -> 0 | F17: =F16-E16 -> -0.4 | G17: =G16-F16 -> -0.15714286 | H17: =H16-G16 -> 0.14285714 | I17: =I16-H16 -> -0.14285714 | J17: =J16-I16 -> -0.035714286 | K17: =K16-J16 -> 0
E18: =E17*14 -> 0 | F18: =F17*14 -> -5.6 | G18: =G17*14 -> -2.2 | H18: =H17*14 -> 2 | I18: =I17*14 -> -2 | J18: =J17*14 -> -0.5 | K18: =K17*14 -> 0
A56: =A52+7 -> 7 | B56: =B52+1 -> 1 | D56: =K52 | E56: 0 | F56: 0 | G56: 0 | H56: 0 | I56: 0 | J56: 0 | K56: 0 | L56: =min(E56:K56) -> 0 | M56: =MAX(E56:K56) -> 0 | N56: =M56-L56 -> 0 | O56: =K56-E56 -> 0 | P56: =O56*14 -> 0
D57: =D56*14 -> 0 | E57: =E56-K52 -> 0 | F57: =F56-E56 -> 0 | G57: =G56-F56 -> 0 | H57: =H56-G56 -> 0 | I57: =I56-H56 -> 0 | J57: =J56-I56 -> 0 | K57: =K56-J56 -> 0
E58: =(K53-E57)*-1 -> 0 | F58: =F57*14 -> 0 | G58: =G57*14 -> 0 | H58: =H57*14 -> 0 | I58: =I57*14 -> 0 | J58: =J57*14 -> 0 | K58: =K57*14 -> 0
A60: =A56+7 -> 14 | B60: =B56+1 -> 2 | D60: =K56 -> 0 | E60: 0 | F60: 0 | G60: 0 | H60: 0 | I60: 0 | J60: 0 | K60: 0 | L60: =min(E60:K60) -> 0 | M60: =MAX(E60:K60) -> 0 | N60: =M60-L60 -> 0 | O60: =K60-E60 -> 0 | P60: =O60*14 -> 0
D61: =D60*14 -> 0 | E61: =E60-K56 -> 0 | F61: =F60-E60 -> 0 | G61: =G60-F60 -> 0 | H61: =H60-G60 -> 0 | I61: =I60-H60 -> 0 | J61: =J60-I60 -> 0 | K61: =K60-J60 -> 0
E62: =(K57-E61)*-1 -> 0 | F62: =F61*14 -> 0 | G62: =G61*14 -> 0 | H62: =H61*14 -> 0 | I62: =I61*14 -> 0 | J62: =J61*14 -> 0 | K62: =K61*14 -> 0 | L62: =average($L$4:L60) -> 10.10119 | M62: =average($M$4:M60) -> 10.533333

Sheet November
B1: Week no
C2: Fasting | D2: Per Week | E2: M | F2: T | G2: W | H2: T | I2: F | J2: S | K2: S | L2: Weekly Min | M2: Weekly Max | N2: Weekly Var (st) | O2: Weekly change (St) | P2: Weekly change (lbs) | Q2: Weekly Target | R2: Weekly Min | S2: Net Achievement (stn) | T2: lbs | U2: Average (stn)
A4: 45964 | B4: 1 | C4: 1 | D4: =October!K16 -> 14.821429 | E4: =+14+13.6/14 -> 14.971429 | F4: =15+3.6/14 -> 15.257143 | G4: =15+3.6/14 -> 15.257143 | H4: =15 -> 15 | I4: =(15 +15.5)/2 -> 15.25 | J4: =15.5 -> 15.5 | K4: 15.5 | L4: =min(E4:K4) -> 14.971429 | M4: =MAX(E4:K4) -> 15.5 | N4: =M4-L4 -> 0.52857143 | O4: =K4-E4 -> 0.52857143 | P4: =O4*14 -> 7.4 | Q4: ='Goals (stn) Part 2'!H32 -> 14.875 | R4: =min(E4:K4) -> 14.971429 | S4: =Q4-R4 -> -0.096428571 | T4: =S4*14 -> -1.35 | U4: =AVERAGE(E4:K4) -> 15.247959
E5: =E4-D4 -> 0.15 | F5: =F4-E4 -> 0.28571429 | G5: =G4-F4 -> 0 | H5: =H4-G4 -> -0.25714286 | I5: =I4-H4 -> 0.25 | J5: =J4-I4 -> 0.25 | K5: =K4-J4 -> 0
E6: =E5*14 -> 2.1 | F6: =F5*14 -> 4 | G6: =G5*14 -> 0 | H6: =H5*14 -> -3.6 | I6: =I5*14 -> 3.5 | J6: =J5*14 -> 3.5 | K6: =K5*14 -> 0
A8: =A4+7 -> 45971 | B8: =B4+1 -> 2 | C8: 2 | D8: =K4 -> 15.5 | E8: 15.5 | F8: 15.5 | G8: 15 | H8: 15 | I8: 15 | J8: 15 | K8: 15 | L8: =min(E8:K8) -> 15 | M8: =MAX(E8:K8) -> 15.5 | N8: =M8-L8 -> 0.5 | O8: =K8-E8 -> -0.5 | P8: =O8*14 -> -7 | Q8: ='Goals (stn) Part 2'!H33 -> 14.75 | R8: =min(E8:K8) -> 15 | S8: =Q8-R8 -> -0.25 | T8: =S8*14 -> -3.5 | U8: =AVERAGE(E8:K8) -> 15.142857 | V8: =-1*(U4-U8) -> -0.10510204 | W8: =V8*14 -> -1.4714286
E9: =E8-D8 -> 0 | F9: =F8-E8 -> 0 | G9: =G8-F8 -> -0.5 | H9: =H8-G8 -> 0 | I9: =I8-H8 -> 0 | J9: =J8-I8 -> 0 | K9: =K8-J8 -> 0
E10: =E9*14 -> 0 | F10: =F9*14 -> 0 | G10: =G9*14 -> -7 | H10: =H9*14 -> 0 | I10: =I9*14 -> 0 | J10: =J9*14 -> 0 | K10: =K9*14 -> 0
A12: =A8+7 -> 45978 | B12: =B8+1 -> 3 | C12: 3 | D12: =K8 -> 15 | E12: 15.5 | F12: 15.25 | G12: 15 | H12: =14 +9.4/14 -> 14.671429 | I12: =14 +7.4/14 -> 14.528571 | J12: =14 +11.4/14 -> 14.814286 | K12: =14 +13/14 -> 14.928571 | L12: =14+ 13.2/14 -> 14.942857 | M12: =MAX(E12:K12) -> 15.5 | N12: =M12-L12 -> 0.55714286 | O12: =K12-E12 -> -0.57142857 | P12: =O12*14 -> -8 | Q12: ='Goals (stn) Part 2'!H34 -> 14.625 | R12: =min(E12:K12) -> 14.528571 | S12: =Q12-R12 -> 0.096428571 | T12: =S12*14 -> 1.35 | U12: =AVERAGE(E12:K12) -> 14.956122 | V12: =-1*(U8-U12) -> -0.18673469 | W12: =V12*14 -> -2.6142857
E13: =E12-D12 -> 0.5 | F13: =F12-E12 -> -0.25 | G13: =G12-F12 -> -0.25 | H13: =H12-G12 -> -0.32857143 | I13: =I12-H12 -> -0.14285714 | J13: =J12-I12 -> 0.28571429 | K13: =K12-J12 -> 0.11428571
E14: =E13*14 -> 7 | F14: =F13*14 -> -3.5 | G14: =G13*14 -> -3.5 | H14: =H13*14 -> -4.6 | I14: =I13*14 -> -2 | J14: =J13*14 -> 4 | K14: =K13*14 -> 1.6
A16: =A12+7 -> 45985 | B16: =B12+1 -> 4 | C16: 4 | D16: =K12 -> 14.928571 | E16: =14 + 0.75 -> 14.75 | F16: =14 + 0.75 -> 14.75 | G16: =14 + 9/14 -> 14.642857 | H16: 15 | I16: 15 | J16: =14 + 9/14 -> 14.642857 | K16: =14 + 9/14 -> 14.642857 | L16: =min(E16:K16) -> 14.642857 | M16: =MAX(E16:K16) -> 15 | N16: =M16-L16 -> 0.35714286 | O16: =K16-E16 -> -0.10714286 | P16: =O16*14 -> -1.5 | Q16: ='Goals (stn) Part 2'!H35 -> 14.5 | R16: =min(E16:K16) -> 14.642857 | S16: =Q16-R16 -> -0.14285714 | T16: =S16*14 -> -2 | U16: =AVERAGE(E16:K16) -> 14.77551 | V16: =-1*(U12-U16) -> -0.18061224 | W16: =V16*14 -> -2.5285714
E17: =E16-D16 -> -0.17857143 | F17: =F16-E16 -> 0 | G17: =G16-F16 -> -0.10714286 | H17: =H16-G16 -> 0.35714286 | I17: =I16-H16 -> 0 | J17: =J16-I16 -> -0.35714286 | K17: =K16-J16 -> 0
E18: =E17*14 -> -2.5 | F18: =F17*14 -> 0 | G18: =G17*14 -> -1.5 | H18: =H17*14 -> 5 | I18: =I17*14 -> 0 | J18: =J17*14 -> -5 | K18: =K17*14 -> 0
A56: =A52+7 -> 7 | B56: =B52+1 -> 1 | D56: =K52 | E56: 0 | F56: 0 | G56: 0 | H56: 0 | I56: 0 | J56: 0 | K56: 0 | L56: =min(E56:K56) -> 0 | M56: =MAX(E56:K56) -> 0 | N56: =M56-L56 -> 0 | O56: =K56-E56 -> 0 | P56: =O56*14 -> 0
D57: =D56*14 -> 0 | E57: =E56-K52 -> 0 | F57: =F56-E56 -> 0 | G57: =G56-F56 -> 0 | H57: =H56-G56 -> 0 | I57: =I56-H56 -> 0 | J57: =J56-I56 -> 0 | K57: =K56-J56 -> 0
E58: =(K53-E57)*-1 -> 0 | F58: =F57*14 -> 0 | G58: =G57*14 -> 0 | H58: =H57*14 -> 0 | I58: =I57*14 -> 0 | J58: =J57*14 -> 0 | K58: =K57*14 -> 0
A60: =A56+7 -> 14 | B60: =B56+1 -> 2 | D60: =K56 -> 0 | E60: 0 | F60: 0 | G60: 0 | H60: 0 | I60: 0 | J60: 0 | K60: 0 | L60: =min(E60:K60) -> 0 | M60: =MAX(E60:K60) -> 0 | N60: =M60-L60 -> 0 | O60: =K60-E60 -> 0 | P60: =O60*14 -> 0
D61: =D60*14 -> 0 | E61: =E60-K56 -> 0 | F61: =F60-E60 -> 0 | G61: =G60-F60 -> 0 | H61: =H60-G60 -> 0 | I61: =I60-H60 -> 0 | J61: =J60-I60 -> 0 | K61: =K60-J60 -> 0
E62: =(K57-E61)*-1 -> 0 | F62: =F61*14 -> 0 | G62: =G61*14 -> 0 | H62: =H61*14 -> 0 | I62: =I61*14 -> 0 | J62: =J61*14 -> 0 | K62: =K61*14 -> 0 | L62: =average($L$4:L60) -> 9.9261905 | M62: =average($M$4:M60) -> 10.25

Sheet December
B1: Week no
C2: Fasting | D2: Per Week | E2: M | F2: T | G2: W | H2: T | I2: F | J2: S | K2: S | L2: Weekly Min | M2: Weekly Max | N2: Weekly Var (st) | O2: Weekly change (St) | P2: Weekly change (lbs) | Q2: Weekly Target | R2: Weekly Min | S2: Net Achievement (stn) | T2: lbs | U2: Average (stn)
A4: 45992 | B4: 1 | C4: 1 | D4: =November!K16 -> 14.642857 | E4: 15 | F4: 15 | G4: 15 | H4: 15 | I4: 15 | J4: 15 | K4: 15 | L4: =min(E4:K4) -> 15 | M4: =MAX(E4:K4) -> 15 | N4: =M4-L4 -> 0 | O4: =K4-E4 -> 0 | P4: =O4*14 -> 0 | Q4: ='Goals (stn) Part 2'!I37 -> 15 | R4: =min(E4:K4) -> 15 | S4: =Q4-R4 -> 0 | T4: =S4*14 -> 0 | U4: =AVERAGE(E4:K4) -> 15
E5: =E4-D4 -> 0.35714286 | F5: =F4-E4 -> 0 | G5: =G4-F4 -> 0 | H5: =H4-G4 -> 0 | I5: =I4-H4 -> 0 | J5: =J4-I4 -> 0 | K5: =K4-J4 -> 0
E6: =E5*14 -> 5 | F6: =F5*14 -> 0 | G6: =G5*14 -> 0 | H6: =H5*14 -> 0 | I6: =I5*14 -> 0 | J6: =J5*14 -> 0 | K6: =K5*14 -> 0
A8: =A4+7 -> 45999 | B8: =B4+1 -> 2 | C8: 1 | D8: =K4 -> 15 | E8: 15.5 | F8: 15.5 | G8: 15 | H8: 15 | I8: 15 | J8: 15 | K8: 15 | L8: =min(E8:K8) -> 15 | M8: =MAX(E8:K8) -> 15.5 | N8: =M8-L8 -> 0.5 | O8: =K8-E8 -> -0.5 | P8: =O8*14 -> -7 | Q8: ='Goals (stn) Part 2'!I38 -> 15 | R8: =min(E8:K8) -> 15 | S8: =Q8-R8 -> 0 | T8: =S8*14 -> 0 | U8: =AVERAGE(E8:K8) -> 15.142857 | V8: =-1*(U4-U8) -> 0.14285714 | W8: =V8*14 -> 2
E9: =E8-D8 -> 0.5 | F9: =F8-E8 -> 0 | G9: =G8-F8 -> -0.5 | H9: =H8-G8 -> 0 | I9: =I8-H8 -> 0 | J9: =J8-I8 -> 0 | K9: =K8-J8 -> 0
E10: =E9*14 -> 7 | F10: =F9*14 -> 0 | G10: =G9*14 -> -7 | H10: =H9*14 -> 0 | I10: =I9*14 -> 0 | J10: =J9*14 -> 0 | K10: =K9*14 -> 0
A12: =A8+7 -> 46006 | B12: =B8+1 -> 3 | C12: 1 | D12: =K8 -> 15 | E12: 15.5 | F12: 15.25 | G12: 15 | H12: =14 +9.4/14 -> 14.671429 | I12: =14 +7.4/14 -> 14.528571 | J12: =14 +11.4/14 -> 14.814286 | K12: =14 +13/14 -> 14.928571 | L12: =14+ 13.2/14 -> 14.942857 | M12: =MAX(E12:K12) -> 15.5 | N12: =M12-L12 -> 0.55714286 | O12: =K12-E12 -> -0.57142857 | P12: =O12*14 -> -8 | Q12: ='Goals (stn) Part 2'!I39 -> 15 | R12: =min(E12:K12) -> 14.528571 | S12: =Q12-R12 -> 0.47142857 | T12: =S12*14 -> 6.6 | U12: =AVERAGE(E12:K12) -> 14.956122 | V12: =-1*(U8-U12) -> -0.18673469 | W12: =V12*14 -> -2.6142857
E13: =E12-D12 -> 0.5 | F13: =F12-E12 -> -0.25 | G13: =G12-F12 -> -0.25 | H13: =H12-G12 -> -0.32857143 | I13: =I12-H12 -> -0.14285714 | J13: =J12-I12 -> 0.28571429 | K13: =K12-J12 -> 0.11428571
E14: =E13*14 -> 7 | F14: =F13*14 -> -3.5 | G14: =G13*14 -> -3.5 | H14: =H13*14 -> -4.6 | I14: =I13*14 -> -2 | J14: =J13*14 -> 4 | K14: =K13*14 -> 1.6
A16: =A12+7 -> 46013 | B16: =B12+1 -> 4 | C16: 1 | D16: =K12 -> 14.928571 | E16: =14 + 0.75 -> 14.75 | F16: =14 + 0.75 -> 14.75 | G16: =14 + 9/14 -> 14.642857 | H16: 15 | I16: 15 | J16: =14 + 9/14 -> 14.642857 | K16: =14 + 9/14 -> 14.642857 | L16: =min(E16:K16) -> 14.642857 | M16: =MAX(E16:K16) -> 15 | N16: =M16-L16 -> 0.35714286 | O16: =K16-E16 -> -0.10714286 | P16: =O16*14 -> -1.5 | Q16: ='Goals (stn) Part 2'!I40 -> 15 | R16: =min(E16:K16) -> 14.642857 | S16: =Q16-R16 -> 0.35714286 | T16: =S16*14 -> 5 | U16: =AVERAGE(E16:K16) -> 14.77551 | V16: =-1*(U12-U16) -> -0.18061224 | W16: =V16*14 -> -2.5285714
E17: =E16-D16 -> -0.17857143 | F17: =F16-E16 -> 0 | G17: =G16-F16 -> -0.10714286 | H17: =H16-G16 -> 0.35714286 | I17: =I16-H16 -> 0 | J17: =J16-I16 -> -0.35714286 | K17: =K16-J16 -> 0
E18: =E17*14 -> -2.5 | F18: =F17*14 -> 0 | G18: =G17*14 -> -1.5 | H18: =H17*14 -> 5 | I18: =I17*14 -> 0 | J18: =J17*14 -> -5 | K18: =K17*14 -> 0
A21: =A16+7 -> 46020 | B21: 5 | C21: 1 | D21: =K17 -> 0 | E21: =14 + 0.75 -> 14.75 | F21: =14 + 0.75 -> 14.75 | G21: =14 + 9/14 -> 14.642857 | H21: 15 | I21: 15 | J21: =14 + 9/14 -> 14.642857 | K21: =14 + 9/14 -> 14.642857 | L21: =min(E21:K21) -> 14.642857 | M21: =MAX(E21:K21) -> 15 | N21: =M21-L21 -> 0.35714286 | O21: =K21-E21 -> -0.10714286 | P21: =O21*14 -> -1.5 | Q21: ='Goals (stn) Part 2'!I41 -> 15 | R21: =min(E21:K21) -> 14.642857 | S21: =Q21-R21 -> 0.35714286 | T21: =S21*14 -> 5 | U21: =AVERAGE(E21:K21) -> 14.77551 | V21: =-1*(U17-U21) -> 14.77551 | W21: =V21*14 -> 206.85714
E22: =E21-D21 -> 14.75 | F22: =F21-E21 -> 0 | G22: =G21-F21 -> -0.10714286 | H22: =H21-G21 -> 0.35714286 | I22: =I21-H21 -> 0 | J22: =J21-I21 -> -0.35714286 | K22: =K21-J21 -> 0
E23: =E22*14 -> 206.5 | F23: =F22*14 -> 0 | G23: =G22*14 -> -1.5 | H23: =H22*14 -> 5 | I23: =I22*14 -> 0 | J23: =J22*14 -> -5 | K23: =K22*14 -> 0
A56: =A52+7 -> 7 | B56: =B52+1 -> 1 | D56: =K52 | E56: 0 | F56: 0 | G56: 0 | H56: 0 | I56: 0 | J56: 0 | K56: 0 | L56: =min(E56:K56) -> 0 | M56: =MAX(E56:K56) -> 0 | N56: =M56-L56 -> 0 | O56: =K56-E56 -> 0 | P56: =O56*14 -> 0
D57: =D56*14 -> 0 | E57: =E56-K52 -> 0 | F57: =F56-E56 -> 0 | G57: =G56-F56 -> 0 | H57: =H56-G56 -> 0 | I57: =I56-H56 -> 0 | J57: =J56-I56 -> 0 | K57: =K56-J56 -> 0
E58: =(K53-E57)*-1 -> 0 | F58: =F57*14 -> 0 | G58: =G57*14 -> 0 | H58: =H57*14 -> 0 | I58: =I57*14 -> 0 | J58: =J57*14 -> 0 | K58: =K57*14 -> 0
A60: =A56+7 -> 14 | B60: =B56+1 -> 2 | D60: =K56 -> 0 | E60: 0 | F60: 0 | G60: 0 | H60: 0 | I60: 0 | J60: 0 | K60: 0 | L60: =min(E60:K60) -> 0 | M60: =MAX(E60:K60) -> 0 | N60: =M60-L60 -> 0 | O60: =K60-E60 -> 0 | P60: =O60*14 -> 0
D61: =D60*14 -> 0 | E61: =E60-K56 -> 0 | F61: =F60-E60 -> 0 | G61: =G60-F60 -> 0 | H61: =H60-G60 -> 0 | I61: =I60-H60 -> 0 | J61: =J60-I60 -> 0 | K61: =K60-J60 -> 0
E62: =(K57-E61)*-1 -> 0 | F62: =F61*14 -> 0 | G62: =G61*14 -> 0 | H62: =H61*14 -> 0 | I62: =I61*14 -> 0 | J62: =J61*14 -> 0 | K62: =K61*14 -> 0 | L62: =average($L$4:L60) -> 10.604082 | M62: =average($M$4:M60) -> 10.857143

Sheet Actuals
A2: Month | B2: Week # | C2: Start Date | D2: lb | E2: Monday | F2: Tuesday | G2: Wednesday | H2: Thursday | I2: Friday | J2: Saturday | K2: Sunday | L2: Min | M2: Max
A4: June | B4: ='Goals (stn) Part 2'!B5 -> 13 | C4: 45810 | E4: ='June 2025'!E4 -> 17 | F4: ='June 2025'!F4 -> 16.614286 | G4: ='June 2025'!G4 -> 16.614286 | H4: ='June 2025'!H4 -> 16.614286 | I4: ='June 2025'!I4 -> 16.7125 | J4: ='June 2025'!J4 -> 17 | K4: ='June 2025'!K4 -> 16.7 | L4: =min(E4:K4) -> 16.614286 | M4: =MAX(E4:K4) -> 17
B5: ='Goals (stn) Part 2'!B6 -> 14 | C5: =C4+7 -> 45817 | E5: ='June 2025'!E8 -> 17 | F5: ='June 2025'!F8 -> 17 | G5: ='June 2025'!G8 -> 16.742857 | H5: ='June 2025'!H8 -> 16.428571 | I5: ='June 2025'!I8 -> 16.228571 | J5: ='June 2025'!J8 -> 16.157143 | K5: ='June 2025'!K8 -> 16.357143 | L5: =min(E5:K5) -> 16.157143 | M5: =MAX(E5:K5) -> 17
B6: ='Goals (stn) Part 2'!B7 -> 15 | C6: =C5+7 -> 45824 | E6: ='June 2025'!E12 -> 16.585714 | F6: ='June 2025'!F12 -> 16.728571 | G6: ='June 2025'!G12 -> 16.814286 | H6: ='June 2025'!H12 -> 16.585714 | I6: ='June 2025'!I12 -> 16.942857 | J6: ='June 2025'!J12 -> 16.585714 | K6: ='June 2025'!K12 -> 16.714286 | L6: =min(E6:K6) -> 16.585714 | M6: =MAX(E6:K6) -> 16.942857
B7: ='Goals (stn) Part 2'!B8 -> 16 | C7: =C6+7 -> 45831 | E7: ='June 2025'!E16 -> 16.8 | F7: ='June 2025'!F16 -> 16.757143 | G7: ='June 2025'!G16 -> 16.728571 | H7: ='June 2025'!H16 -> 16.571429 | I7: ='June 2025'!I16 -> 16.514286 | J7: ='June 2025'!J16 -> 16.514286 | K7: ='June 2025'!K16 -> 16.514286 | L7: =min(E7:K7) -> 16.514286 | M7: =MAX(E7:K7) -> 16.8
B8: ='Goals (stn) Part 2'!B10 -> 17 | C8: =C7+7 -> 45838 | E8: ='June 2025'!E20 -> 16.657143 | F8: ='June 2025'!F20 -> 16.642857 | G8: ='June 2025'!G20 -> 16.728571 | H8: ='June 2025'!H20 -> 16.557143 | I8: ='June 2025'!I20 -> 16.485714 | J8: ='June 2025'!J20 -> 16.271429 | K8: ='June 2025'!K20 -> 16.657143 | L8: =min(E8:K8) -> 16.271429 | M8: =MAX(E8:K8) -> 16.728571
A10: July | B10: ='Goals (stn) Part 2'!B11 -> 18 | C10: =C8+7 -> 45845 | E10: ='June 2025'!E24 -> 16.657143 | F10: ='June 2025'!F24 -> 16.857143 | G10: ='June 2025'!G24 -> 16.714286 | H10: ='June 2025'!H24 -> 16.557143 | I10: ='June 2025'!I24 -> 16.414286 | J10: ='June 2025'!J24 -> 16.271429 | K10: ='June 2025'!K24 -> 16.857143 | L10: =min(E10:K10) -> 16.271429 | M10: =MAX(E10:K10) -> 16.857143
B11: ='Goals (stn) Part 2'!B12 -> 19 | C11: =C10+7 -> 45852 | E11: ='June 2025'!E16 -> 16.8 | F11: ='June 2025'!F16 -> 16.757143 | G11: ='June 2025'!G16 -> 16.728571 | H11: ='June 2025'!H16 -> 16.571429 | I11: ='June 2025'!I16 -> 16.514286 | J11: ='June 2025'!J16 -> 16.514286 | K11: ='June 2025'!K16 -> 16.514286 | L11: =min(E11:K11) -> 16.514286 | M11: =MAX(E11:K11) -> 16.8
B12: ='Goals (stn) Part 2'!B13 -> 20 | C12: =C11+7 -> 45859 | E12: ='June 2025'!E32 -> 16.771429 | F12: ='June 2025'!F32 -> 16.728571 | G12: ='June 2025'!G32 -> 16.657143 | H12: ='June 2025'!H32 -> 16.728571 | I12: ='June 2025'!I32 -> 16.414286 | J12: ='June 2025'!J32 -> 16.657143 | K12: ='June 2025'!K32 -> 16.542857 | L12: =min(E12:K12) -> 16.414286 | M12: =MAX(E12:K12) -> 16.771429
B13: ='Goals (stn) Part 2'!B14 -> 21 | C13: =C12+7 -> 45866 | E13: ='June 2025'!E36 -> 16.657143 | F13: ='June 2025'!F36 -> 16.728571 | G13: ='June 2025'!G36 -> 16.657143 | H13: ='June 2025'!H36 -> 16.728571 | I13: ='June 2025'!I36 -> 16.528571 | J13: ='June 2025'!J36 -> 16.657143 | K13: ='June 2025'!K36 -> 16.657143 | L13: =min(E13:K13) -> 16.528571 | M13: =MAX(E13:K13) -> 16.728571
B14: ='Goals (stn) Part 2'!B15
A15: August | B15: ='Goals (stn) Part 2'!B16 -> 22 | C15: =C13+7 -> 45873 | E15: ='July-August'!E4 -> 17 | F15: ='July-August'!F4 -> 16.614286 | G15: ='July-August'!G4 -> 16.614286 | H15: ='July-August'!H4 -> 16.614286 | I15: ='July-August'!I4 -> 16.7125 | J15: ='July-August'!J4 -> 17 | K15: ='July-August'!K4 -> 16.7 | L15: =min(E15:K15) -> 16.614286 | M15: =MAX(E15:K15) -> 17
B16: ='Goals (stn) Part 2'!B17 -> 23 | C16: =C15+7 -> 45880 | E16: ='June 2025'!E8 -> 17 | F16: ='June 2025'!F8 -> 17 | G16: ='June 2025'!G8 -> 16.742857 | H16: ='June 2025'!H8 -> 16.428571 | I16: ='June 2025'!I8 -> 16.228571 | J16: ='June 2025'!J8 -> 16.157143 | K16: ='June 2025'!K8 -> 16.357143 | L16: =min(E16:K16) -> 16.157143 | M16: =MAX(E16:K16) -> 17
B17: ='Goals (stn) Part 2'!B18 -> 24 | C17: =C16+7 -> 45887 | E17: ='July-August'!D12 -> 16.357143 | F17: ='July-August'!E12 -> 16.585714 | G17: ='July-August'!F12 -> 16.728571 | H17: ='July-August'!G12 -> 16.814286 | I17: ='July-August'!H12 -> 16.585714 | J17: ='July-August'!I12 -> 16.942857 | K17: ='July-August'!J12 -> 16.585714 | L17: =min(E17:K17) -> 16.357143 | M17: =MAX(E17:K17) -> 16.942857
B18: ='Goals (stn) Part 2'!B19 -> 25 | C18: =C17+7 -> 45894 | E18: ='July-August'!E16 -> 16.8 | F18: ='July-August'!F16 -> 16.757143 | G18: ='July-August'!G16 -> 16.728571 | H18: ='July-August'!H16 -> 16.571429 | I18: ='July-August'!I16 -> 16.842857 | J18: ='July-August'!J16 -> 16.842857 | K18: ='July-August'!K16 -> 16.842857 | L18: =min(E18:K18) -> 16.571429 | M18: =MAX(E18:K18) -> 16.842857
B19: ='Goals (stn) Part 2'!B20
A20: September | B20: ='Goals (stn) Part 2'!B21 -> 26 | C20: =C18+7 -> 45901 | E20: =September!E4 -> 16.857143 | F20: =September!F4 -> 16.785714 | G20: =September!G4 -> 16.378571 | H20: =September!H4 -> 16.178571 | I20: =September!I4 -> 16.414286 | J20: =September!J4 -> 16.357143 | K20: =September!K4 -> 16.628571 | L20: =min(E20:K20) -> 16.178571 | M20: =MAX(E20:K20) -> 16.857143
B21: ='Goals (stn) Part 2'!B22 -> 27 | C21: =C20+7 -> 45908 | E21: =September!E8 -> 16.571429 | F21: =September!F8 -> 16.171429 | G21: =September!G8 -> 16.285714 | H21: =September!H8 -> 16.085714 | I21: =September!I8 -> 16.142857 | J21: =September!J8 -> 15.985714 | K21: =September!K8 -> 16.285714 | L21: =min(E21:K21) -> 15.985714 | M21: =MAX(E21:K21) -> 16.571429
B22: ='Goals (stn) Part 2'!B23 -> 28 | C22: =C21+7 -> 45915 | E22: =September!E12 -> 16.342857 | F22: =September!F12 -> 16.085714 | G22: =September!G12 -> 15.828571 | H22: =September!H12 -> 16 | I22: =September!I12 -> 15.685714 | J22: =September!J12 -> 15.642857 | K22: =September!K12 -> 15.685714 | L22: =min(E22:K22) -> 15.642857 | M22: =MAX(E22:K22) -> 16.342857
B23: ='Goals (stn) Part 2'!B24 -> 29 | C23: =C22+7 -> 45922 | E23: =September!E16 -> 15.914286 | F23: =September!F16 -> 15.928571 | G23: =September!G16 -> 15.628571 | H23: =September!H16 -> 15.385714 | I23: =September!I16 -> 15.285714 | J23: =September!J16 -> 15.5 | K23: =September!K16 -> 15.5 | L23: =min(E23:K23) -> 15.285714 | M23: =MAX(E23:K23) -> 15.928571
A25: October | B25: ='Goals (stn) Part 2'!B25 -> 30 | C25: =C23+7 -> 45929 | E25: =September!E20 -> 16.5 | F25: =September!F20 -> 16.242857 | G25: =September!G20 -> 15.785714 | H25: =September!H20 -> 15.857143 | I25: =September!I20 -> 15.785714 | J25: =September!J20 -> 15.985714 | K25: =September!K20 -> 16.142857 | L25: =min(E25:K25) -> 15.785714 | M25: =MAX(E25:K25) -> 16.5
B26: ='Goals (stn) Part 2'!B27 -> 31 | C26: =C25+7 -> 45936 | E26: =October!E4 -> 16.142857 | F26: =October!F4 -> 16 | G26: =October!G4 -> 16 | H26: =October!H4 -> 15.5 | I26: =October!I4 -> 15.771429 | J26: =October!J4 -> 15.728571 | K26: =October!K4 -> 15.728571 | L26: =min(E26:K26) -> 15.5 | M26: =MAX(E26:K26) -> 16.142857
B27: ='Goals (stn) Part 2'!B28 -> 32 | C27: =C26+7 -> 45943 | E27: =October!E8 -> 16 | F27: =October!F8 -> 15.6 | G27: =October!G8 -> 15.342857 | H27: =October!H8 -> 15.5 | I27: =October!I8 -> 15.385714 | J27: =October!J8 -> 15.385714 | K27: =October!K8 -> 15.642857 | L27: =min(E27:K27) -> 15.342857 | M27: =MAX(E27:K27) -> 16
B28: ='Goals (stn) Part 2'!B29 -> 33 | C28: =C27+7 -> 45950 | E28: =October!E12 -> 15.5 | F28: =October!F12 -> 15.642857 | G28: =October!G12 -> 15.228571 | H28: =October!H12 -> 14.942857 | I28: =October!I12 -> 14.942857 | J28: =October!J12 -> 15.164286 | K28: =October!K12 -> 15.414286 | L28: =min(E28:K28) -> 14.942857 | M28: =MAX(E28:K28) -> 15.642857
B29: ='Goals (stn) Part 2'!B30 -> 34 | C29: =C28+7 -> 45957 | E29: =October!E16 -> 15.414286 | F29: =October!F16 -> 15.014286 | G29: =October!G16 -> 14.857143 | H29: =October!H16 -> 15 | I29: =October!I16 -> 14.857143 | J29: =October!J16 -> 14.821429 | K29: =October!K16 -> 14.821429 | L29: =min(E29:K29) -> 14.821429 | M29: =MAX(E29:K29) -> 15.414286
B30: ='Goals (stn) Part 2'!B31
A31: November | B31: ='Goals (stn) Part 2'!B32 -> 35 | C31: =C29+7 -> 45964 | E31: =November!E4 -> 14.971429 | F31: =November!F4 -> 15.257143 | G31: =November!G4 -> 15.257143 | H31: =November!H4 -> 15 | I31: =November!I4 -> 15.25 | J31: =November!J4 -> 15.5 | K31: =November!K4 -> 15.5 | L31: =min(E31:K31) -> 14.971429 | M31: =MAX(E31:K31) -> 15.5
B32: ='Goals (stn) Part 2'!B33 -> 36 | C32: =C31+7 -> 45971 | E32: =November!D8 -> 15.5 | F32: =November!E8 -> 15.5 | G32: =November!F8 -> 15.5 | H32: =November!G8 -> 15 | I32: =November!H8 -> 15 | J32: =November!I8 -> 15 | K32: =November!J8 -> 15 | L32: =min(E32:K32) -> 15 | M32: =MAX(E32:K32) -> 15.5
B33: ='Goals (stn) Part 2'!B34 -> 37 | C33: =C32+7 -> 45978 | E33: =November!E12 -> 15.5 | F33: =November!F12 -> 15.25 | G33: =November!G12 -> 15 | H33: =November!H12 -> 14.671429 | I33: =November!I12 -> 14.528571 | J33: =November!J12 -> 14.814286 | K33: =November!K12 -> 14.928571 | L33: =min(E33:K33) -> 14.528571 | M33: =MAX(E33:K33) -> 15.5
B34: ='Goals (stn) Part 2'!B35 -> 38 | C34: =C33+7 -> 45985 | E34: =November!E16 -> 14.75 | F34: =November!F16 -> 14.75 | G34: =November!G16 -> 14.642857 | H34: =November!H16 -> 15 | I34: =November!I16 -> 15 | J34: =November!J16 -> 14.642857 | K34: =November!K16 -> 14.642857 | L34: =min(E34:K34) -> 14.642857 | M34: =MAX(E34:K34) -> 15

Sheet September Graph
C2: Weekly Data
C3: Week Commencing | E3: Weekly Average (st.)
C4: 45901 | D4: 4 | E4: 16.51
C5: 45908 | D5: 3 | E5: 16.22
C6: 6703920 | D6: 4 | E6: 15.9
C7: 45922 | D7: 3 | E7: 15.59
C8: 45929 | D8: 2 | E8: 16.04
A10: September 2025 - Average Weekly Weighting (st.)
A12: Weekly Average (st.)

Sheet October Graph
B2: Weekly Data
B3: Week Commencing | C3: Fasting Days | D3: Weekly Average (st)
B4: 45936 | C4: 1 | D4: 15.84
B5: 45943 | C5: 2 | D5: 15.55
B6: 45950 | C6: 3 | D6: 15.26
B7: 45957 | C7: 4 | D7: 14.97
D8: 0

Sheet November Graph
D3: Weekly Data
D4: Week Commencing | E4: Fasting Days | F4: Weekly Average (st.)
D5: 45964 | E5: 1 | F5: 15.25
D6: 45971 | E6: 2 | F6: 15.14
D7: 45978 | E7: 3 | F7: 14.96
D8: 45985 | E8: 4 | F8: 14.78
F9: 0

Sheet January Graph
C4: Week Commencing | E4: Average (st.)
C5: 46027 | D5: 3 | E5: 15.26
C6: 46034 | D6: 3 | E6: 15.18
C7: 46041 | D7: 3 | E7: 15
C8: 26/0/2026 | D8: 0 | E8: 15.5

Sheet Weekly Summary
B2: Week | C2: Fasting Days | D2: Avg Weight (st) | E2: Weekly Change (st) | F2: Weekly Change (lbs)
B3: 46266 | C3: 4 | D3: 16.51 | E3: -0.23 | F3: -3.2
B4: 46273 | C4: 3 | D4: 16.22 | E4: -0.29 | F4: -4
B5: 46280 | C5: 4 | D5: 15.9 | E5: -0.66 | F5: -9.2
B6: 46287 | C6: 3 | D6: 15.59 | E6: -0.41 | F6: -5.8
B7: 46294 | C7: 2 | D7: 16.04 | E7: -0.36 | F7: -5
B8: 46301 | C8: 1 | D8: 15.84 | E8: -0.41 | F8: -5.8
B9: 46308 | C9: 2 | D9: 15.55 | E9: -0.36 | F9: -5
B10: 46315 | C10: 3 | D10: 15.26 | E10: -0.09 | F10: -1.2
B11: 46322 | C11: 4 | D11: 14.97 | E11: -0.59 | F11: -8.3
B12: 46329 | C12: 1 | D12: 15.25 | E12: =+0.53 -> 0.53 | F12: =+7.4 -> 7.4
B13: 46336 | C13: 2 | D13: 15.14 | E13: -0.5 | F13: -7
B14: 46343 | C14: 3 | D14: 14.96 | E14: -0.57 | F14: -8
B15: 46350 | C15: 4 | D15: 14.78 | E15: -0.11 | F15: -1.5
B16: 46027 | C16: 3 | D16: 15.26 | E16: -0.41 | F16: -5.8
B17: 46034 | C17: 3 | D17: 15.18 | E17: -0.1 | F17: -1.4
B18: 46041 | C18: 3 | D18: 15.1 | E18: 0.5 | F18: -7
B19: 46048 | C19: 0 | D19: 15.5 | E19: 0 | F19: 0
I23: =30*15.75 -> 472.5 | J23: =I23*52 -> 24570 | K23: =J23/12 -> 2047.5
