Workbook

Sheet Project Timesheet
B2: Calandar Month | C2: Project Quarter | D2: Project Month | E2: Project Week | F2: Start | G2: End | I2: Calandar Month | J2: Project Quarter | K2: Project Month | L2: Project Week | M2: Start | N2: End
B4: July | C4: PQ1 | D4: PM01 | E4: PW01 | F4: 46209 | G4: 46213 | I4: January | J4: PQ3 | K4: PM07 | L4: PW27 | M4: 46391 | N4: 46395
D5: PM01 | E5: PW02 | F5: 46216 | G5: 46220 | L5: PW28 | M5: 46398 | N5: 46402
D6: PM01 | E6: PW03 | F6: 46223 | G6: 46227 | L6: PW29 | M6: 46405 | N6: 46409
D7: PM01 | E7: PW04 | F7: 46230 | G7: 46234 | L7: PW30 | M7: 46412 | N7: 46416
B10: August | C10: PQ1 | D10: PM02 | E10: PW05 | F10: 46237 | G10: 46241 | I10: February | J10: PQ3 | K10: PM08 | L10: PW31 | M10: 46419 | N10: 46423
E11: PW06 | F11: 46244 | G11: 46248 | L11: PW32 | M11: 46426 | N11: 46430
E12: PW07 | F12: 46251 | G12: 46255 | L12: PW33 | M12: 46433 | N12: 46437
E13: PW08 | F13: 46258 | G13: 46262 | L13: PW34 | M13: 46440 | N13: 46444
E14: PW09 | F14: 46265 | G14: 46269
B16: September | C16: PQ1 | D16: PM03 | E16: PW10 | F16: 46272 | G16: 46276 | I16: March | J16: PQ3 | K16: PM09 | L16: PW35 | M16: 46447 | N16: 46451
E17: PW11 | F17: 46279 | G17: 46283 | L17: PW36 | M17: 46454 | N17: 46458
E18: PW12 | F18: 46286 | G18: 46290 | L18: PW37 | M18: 46461 | N18: 46465
E19: PW13 | F19: 46293 | G19: 46297 | L19: PW38 | M19: 46468 | N19: 46472
L20: PW39 | M20: 46475 | N20: 46479
B22: October | C22: PQ2 | D22: PM04 | E22: PW14 | F22: 46300 | G22: 46304 | I22: April | J22: PQ4 | K22: PM10 | L22: PW40 | M22: 46482 | N22: 46486
E23: PW15 | F23: 46307 | G23: 46311 | L23: PW41 | M23: 46489 | N23: 46493
E24: PW16 | F24: 46314 | G24: 46318 | L24: PW42 | M24: 46496 | N24: 46500
E25: PW17 | F25: 46321 | G25: 46325 | L25: PW43 | M25: 46503 | N25: 46507
B27: November | C27: PQ2 | D27: PM05 | E27: PW18 | F27: 46328 | G27: 46332 | I27: May | J27: PQ4 | K27: PM11 | L27: PW44 | M27: 46510 | N27: 46514
E28: PW19 | F28: 46335 | G28: 46339 | L28: PW45 | M28: 46517 | N28: 46521
E29: PW20 | F29: 46342 | G29: 46346 | L29: PW46 | M29: 46524 | N29: 46528
E30: PW21 | F30: 46349 | G30: 46353 | L30: PW47 | M30: 46531 | N30: 46535
E31: PW22 | F31: 46356 | G31: 46360 | L31: PW48 | M31: 46538 | N31: 46542
B33: December | C33: PQ3 | D33: PM06 | E33: PW23 | F33: 46363 | G33: 46367 | I33: June | J33: PQ4 | K33: PM12 | L33: PW49 | M33: 46545 | N33: 46549
E34: PW24 | F34: 46370 | G34: 46374 | L34: PW50 | M34: 46552 | N34: 46556
E35: PW25 | F35: 46377 | G35: 46381 | L35: PW51 | M35: 46559 | N35: 46563
E36: PW26 | F36: 46384 | G36: 46388 | L36: PW52 | M36: 46566 | N36: 46570

Sheet July Planned Activity
D2: Weekly Timesheets | F2: M | G2: T | H2: W | I2: T | J2: F | K2: Total
B3: ='Project Timesheet'!B4 -> July | C3: ='Project Timesheet'!C4 -> PQ1 | D3: ='Project Timesheet'!D4 -> PM01 | E3: ='Project Timesheet'!E4 -> PW01 | F3: ='Project Timesheet'!F4 -> 46209 | G3: =F3+1 -> 46210 | H3: =G3+1 -> 46211 | I3: =H3+1 -> 46212 | J3: ='Project Timesheet'!G4 -> 46213
D5: Establish PO
D6: WIMS Architecture Definition | F6: =4 -> 4 | G6: =4 -> 4 | H6: =4 -> 4 | I6: =4 -> 4 | J6: =4 -> 4 | K6: =sum(F6:J6) -> 20
D7: Review Baseline Documentation | F7: =4 -> 4 | G7: =4 -> 4 | H7: =4 -> 4 | I7: =4 -> 4 | J7: =4 -> 4 | K7: =sum(F7:J7) -> 20
F9: =sum(F6:F7) -> 8 | G9: =sum(G6:G7) -> 8 | H9: =sum(H6:H7) -> 8 | I9: =sum(I6:I7) -> 8 | J9: =sum(J6:J7) -> 8 | K9: =sum(F9:J9) -> 40
D11: Weekly Timesheets | F11: M | G11: T | H11: W | I11: T | J11: F | K11: Total
B12: July | C12: PQ1 | D12: ='Project Timesheet'!D5 -> PM01 | E12: ='Project Timesheet'!E5 -> PW02 | F12: ='Project Timesheet'!F5 -> 46216 | G12: =F12+1 -> 46217 | H12: =G12+1 -> 46218 | I12: =H12+1 -> 46219 | J12: =I12+1 -> 46220
D14: Project Governamce
D15: Review Directory Structure | F15: =4 -> 4 | G15: =4 -> 4 | H15: =4 -> 4 | I15: =4 -> 4 | J15: =4 -> 4 | K15: =sum(F15:J15) -> 20
D16: Review Baseline Documentation | F16: =4 -> 4 | G16: =4 -> 4 | H16: =4 -> 4 | I16: =4 -> 4 | J16: =4 -> 4 | K16: =sum(F16:J16) -> 20
F18: =sum(F15:F16) -> 8 | G18: =sum(G15:G16) -> 8 | H18: =sum(H15:H16) -> 8 | I18: =sum(I15:I16) -> 8 | J18: =sum(J15:J16) -> 8 | K18: =sum(F18:J18) -> 40
B20: July | C20: PQ1 | D20: Weekly Timesheets | F20: M | G20: T | H20: W | I20: T | J20: F | K20: Total
D21: ='Project Timesheet'!D6 -> PM01 | E21: ='Project Timesheet'!E6 -> PW03 | F21: ='Project Timesheet'!F6 -> 46223 | G21: =F21+1 -> 46224 | H21: =G21+1 -> 46225 | I21: =H21+1 -> 46226 | J21: =I21+1 -> 46227
D23: Establish PO | F23: =4 -> 4 | G23: =4 -> 4 | H23: =4 -> 4 | I23: =4 -> 4 | J23: =4 -> 4 | K23: =sum(F23:J23) -> 20
D24: Review Baseline Documentation | F24: =4 -> 4 | G24: =4 -> 4 | H24: =4 -> 4 | I24: =4 -> 4 | J24: =4 -> 4 | K24: =sum(F24:J24) -> 20
F26: =sum(F23:F24) -> 8 | G26: =sum(G23:G24) -> 8 | H26: =sum(H23:H24) -> 8 | I26: =sum(I23:I24) -> 8 | J26: =sum(J23:J24) -> 8 | K26: =sum(F26:J26) -> 40
B28: July | C28: PQ1 | D28: Weekly Timesheets | F28: M | G28: T | H28: W | I28: T | J28: F | K28: Total
D29: ='Project Timesheet'!D7 -> PM01 | E29: ='Project Timesheet'!E7 -> PW04 | F29: ='Project Timesheet'!F7 -> 46230 | G29: =F29+1 -> 46231 | H29: =G29+1 -> 46232 | I29: =H29+1 -> 46233 | J29: ='Project Timesheet'!G7 -> 46234
D31: Establish PO | F31: =4 -> 4 | G31: =4 -> 4 | H31: =4 -> 4 | I31: =4 -> 4 | J31: =4 -> 4 | K31: =sum(F31:J31) -> 20
D32: Review Baseline Documentation | F32: =4 -> 4 | G32: =4 -> 4 | H32: =4 -> 4 | I32: =4 -> 4 | J32: =4 -> 4 | K32: =sum(F32:J32) -> 20
F34: =sum(F31:F32) -> 8 | G34: =sum(G31:G32) -> 8 | H34: =sum(H31:H32) -> 8 | I34: =sum(I31:I32) -> 8 | J34: =sum(J31:J32) -> 8 | K34: =sum(F34:J34) -> 40

Sheet July Actuals
D2: Weekly Timesheets | F2: M | G2: T | H2: W | I2: T | J2: F | K2: Total
B3: ='Project Timesheet'!B4 -> July | C3: ='Project Timesheet'!C4 -> PQ1 | D3: ='Project Timesheet'!D4 -> PM01 | E3: ='Project Timesheet'!E4 -> PW01 | F3: ='Project Timesheet'!F4 -> 46209 | G3: =F3+1 -> 46210 | H3: =G3+1 -> 46211 | I3: =H3+1 -> 46212 | J3: ='Project Timesheet'!G4 -> 46213
D5: Establish PO
D6: WIMS Architecture Definition | F6: =4 -> 4 | G6: =4 -> 4 | H6: =4 -> 4 | I6: =4 -> 4 | J6: =4 -> 4 | K6: =sum(F6:J6) -> 20
D7: Review Baseline Documentation | F7: =4 -> 4 | G7: =4 -> 4 | H7: =4 -> 4 | I7: =4 -> 4 | J7: =4 -> 4 | K7: =sum(F7:J7) -> 20
F9: =sum(F6:F7) -> 8 | G9: =sum(G6:G7) -> 8 | H9: =sum(H6:H7) -> 8 | I9: =sum(I6:I7) -> 8 | J9: =sum(J6:J7) -> 8 | K9: =sum(F9:J9) -> 40
D11: Weekly Timesheets | F11: M | G11: T | H11: W | I11: T | J11: F | K11: Total
B12: July | C12: PQ1 | D12: ='Project Timesheet'!D5 -> PM01 | E12: ='Project Timesheet'!E5 -> PW02 | F12: ='Project Timesheet'!F5 -> 46216 | G12: =F12+1 -> 46217 | H12: =G12+1 -> 46218 | I12: =H12+1 -> 46219 | J12: =I12+1 -> 46220
D14: Project Governamce
D15: Review Directory Structure | F15: =4 -> 4 | G15: =4 -> 4 | H15: =4 -> 4 | I15: =4 -> 4 | J15: =4 -> 4 | K15: =sum(F15:J15) -> 20
D16: Review Baseline Documentation | F16: =4 -> 4 | G16: =4 -> 4 | H16: =4 -> 4 | I16: =4 -> 4 | J16: =4 -> 4 | K16: =sum(F16:J16) -> 20
F18: =sum(F15:F16) -> 8 | G18: =sum(G15:G16) -> 8 | H18: =sum(H15:H16) -> 8 | I18: =sum(I15:I16) -> 8 | J18: =sum(J15:J16) -> 8 | K18: =sum(F18:J18) -> 40
B20: July | C20: PQ1 | D20: Weekly Timesheets | F20: M | G20: T | H20: W | I20: T | J20: F | K20: Total
D21: ='Project Timesheet'!D6 -> PM01 | E21: ='Project Timesheet'!E6 -> PW03 | F21: ='Project Timesheet'!F6 -> 46223 | G21: =F21+1 -> 46224 | H21: =G21+1 -> 46225 | I21: =H21+1 -> 46226 | J21: =I21+1 -> 46227
D23: Establish PO | F23: =4 -> 4 | G23: =4 -> 4 | H23: =4 -> 4 | I23: =4 -> 4 | J23: =4 -> 4 | K23: =sum(F23:J23) -> 20
D24: Review Baseline Documentation | F24: =4 -> 4 | G24: =4 -> 4 | H24: =4 -> 4 | I24: =4 -> 4 | J24: =4 -> 4 | K24: =sum(F24:J24) -> 20
F26: =sum(F23:F24) -> 8 | G26: =sum(G23:G24) -> 8 | H26: =sum(H23:H24) -> 8 | I26: =sum(I23:I24) -> 8 | J26: =sum(J23:J24) -> 8 | K26: =sum(F26:J26) -> 40
B28: July | C28: PQ1 | D28: Weekly Timesheets | F28: M | G28: T | H28: W | I28: T | J28: F | K28: Total
D29: ='Project Timesheet'!D7 -> PM01 | E29: ='Project Timesheet'!E7 -> PW04 | F29: ='Project Timesheet'!F7 -> 46230 | G29: =F29+1 -> 46231 | H29: =G29+1 -> 46232 | I29: =H29+1 -> 46233 | J29: ='Project Timesheet'!G7 -> 46234
D31: Establish PO | F31: =4 -> 4 | G31: =4 -> 4 | H31: =4 -> 4 | I31: =4 -> 4 | J31: =4 -> 4 | K31: =sum(F31:J31) -> 20
D32: Review Baseline Documentation | F32: =4 -> 4 | G32: =4 -> 4 | H32: =4 -> 4 | I32: =4 -> 4 | J32: =4 -> 4 | K32: =sum(F32:J32) -> 20
F34: =sum(F31:F32) -> 8 | G34: =sum(G31:G32) -> 8 | H34: =sum(H31:H32) -> 8 | I34: =sum(I31:I32) -> 8 | J34: =sum(J31:J32) -> 8 | K34: =sum(F34:J34) -> 40

Sheet Planned Work PW03 
B2: July | C2: PQ1 | D2: Planned Work | E2: ETC | G2: M | H2: T | I2: W | J2: T | K2: F | L2: Actuals
D3: ='Project Timesheet'!D6 -> PM01 | F3: ='Project Timesheet'!E6 -> PW03 | G3: ='Project Timesheet'!F6 -> 46223 | H3: =G3+1 -> 46224 | I3: =H3+1 -> 46225 | J3: =I3+1 -> 46226 | K3: =J3+1 -> 46227
D5: PO – Project Office | E5: 8 | G5: 2 | K5: 4 | L5: =sum(G5:K5) -> 6
D6: Complete Project Office Documentation | L6: =sum(G6:K6) -> 0
D8: PC - Project Control | E8: 8 | L8: =sum(G8:K8) -> 0
D9: Configuration Management | L9: =sum(G9:K9) -> 0
D10: Baseline Management | L10: =sum(G10:K10) -> 0
D11: Implementation Planning | L11: =sum(G11:K11) -> 0
D13: WEP – WIMS Education Platform | E13: 16 | G13: 4 | H13: 4 | I13: 8 | J13: 12 | L13: =sum(G13:K13) -> 28
D14: HTML June Fasting Report | G14: 2 | L14: =sum(G14:K14) -> 2
D15: Introductory Educational Pages | L15: =sum(G15:K15) -> 0
D17: WCM – WIMS Communications | E17: 4 | L17: =sum(G17:K17) -> 0
D18: YouTube educational content | H18: 4 | L18: =sum(G18:K18) -> 4
D19: Presentation material | L19: =sum(G19:K19) -> 0
D21: PM – Planning & Reporting | E21: 4 | L21: =sum(G21:K21) -> 0
D22: Weekly Reporting | L22: =sum(G22:K22) -> 0
D23: PM02 preparation | L23: =sum(G23:K23) -> 0
D24: PW04 planning | L24: =sum(G24:K24) -> 0
D26: Totals | E26: =sum(E5:E24) -> 40 | F26: =sum(F5:F24) -> 0 | G26: =sum(G5:G24) -> 8 | H26: =sum(H5:H24) -> 8 | I26: =sum(I5:I24) -> 8 | J26: =sum(J5:J24) -> 12 | K26: =sum(K5:K24) -> 4 | L26: =sum(L5:L24) -> 40

Sheet Planned Work PW04
B2: July | C2: PQ1 | D2: Planned Work | H2: M | I2: T | J2: W | K2: T | L2: F | M2: Actuals | N2: Cross Check
D3: ='Project Timesheet'!D6 -> PM01 | F3: ETC | G3: ='July Planned Activity'!E29 -> PW04 | H3: ='July Planned Activity'!F29 -> 46230 | I3: ='July Planned Activity'!G29 -> 46231 | J3: ='July Planned Activity'!H29 -> 46232 | K3: ='July Planned Activity'!I29 -> 46233 | L3: ='July Planned Activity'!J29 -> 46234
D6: PO – Project Office | E6: =sum(F7:F8) -> 5 | N6: =sum(M7:M8) -> 5
D7: Identify and list Docmentation to review | F7: 1 | K7: 1 | M7: =sum(H7:L7) -> 1
D8: Review Documentation | F8: 4 | K8: 4 | M8: =sum(H8:L8) -> 4
D10: PC - Project Control | E10: =sum(F11:F12) -> 8 | M10: =sum(H10:L10) -> 0 | N10: =sum(M10:M11) -> 6
D11: Project Reporting and Planning PW04 | F11: 8 | H11: 2 | L11: 4 | M11: =sum(H11:L11) -> 6
D14: WEP – WIMS Education Platform | E14: =sum(F15:F20) -> 19 | M14: =sum(H14:L14) -> 0 | N14: =sum(M15:M16) -> 8
D15: Review live Test for release V1.1 | F15: 4 | H15: 2 | I15: 2 | M15: =sum(H15:L15) -> 4
D16: Code Review | F16: 4 | H16: 2 | I16: 2 | M16: =sum(H16:L16) -> 4
D17: Update Standards | F17: 4 | H17: 1 | I17: 1 | J17: 2 | M17: =sum(H17:L17) -> 4
D18: Prepare for release V1.1 | F18: 4 | H18: 1 | I18: 1 | J18: 1 | K18: 1 | M18: =sum(H18:L18) -> 4
D19: Testing | F19: 2 | J19: 2 | M19: =sum(H19:L19) -> 2
D20: Decision to Release | F20: 1 | L20: 1 | M20: =sum(H20:L20) -> 1
D22: WCM - WIMS Communications | E22: =sum(F23) -> 2 | M22: =sum(H22:L22) -> 0 | N22: =sum(M23:M24) -> 2
D23: Prepare Release Statement | F23: 2 | L23: 2 | M23: =sum(H23:L23) -> 2
D25: Totals | E25: =sum(E6:E22) -> 34 | F25: =sum(F6:F22) -> 32 | G25: =sum(G6:G20) -> 0 | H25: =sum(H6:H20) -> 8 | I25: =sum(I6:I20) -> 6 | J25: =sum(J6:J20) -> 5 | K25: =sum(K6:K20) -> 6 | L25: =sum(L6:L20) -> 5 | M25: =sum(M6:M22) -> 30 | N25: =sum(H25:L25) -> 30
D26: Float | E26: =40 - E25 -> 6 | F26: =40 - F25 -> 8 | G26: =8 - G25 -> 8 | H26: =8 - H25 -> 0 | I26: =8 - I25 -> 2 | J26: =8 - J25 -> 3 | K26: =8 - K25 -> 2 | L26: =8 - L25 -> 3 | M26: =40 - M25 -> 10 | N26: =sum(H26:L26) -> 10
